,Date,Season,Vụ nuôi,module_name,ao,Loại ao,Giai đoạn,Công nghệ nuôi,area,Giống tôm,Ngày thả,Tuổi tôm,Time,Mực nước,Nhiệt độ,pH,Độ mặn,TDS,Độ đục,DO,Độ màu,Độ trong,Độ kiềm,Độ cứng,Nitrat,Amoni,Nitrit,Oxy bão hòa,Phosphate (PO43-),Silica,Column1,Size Tôm,Con/Kg,Cường độ sáng,Canxi,Kali,Magie,Thế oxy hóa khử,Tỷ trọng,hoachat_aminox_aqua,hoachat_aqua_c,hoachat_biosol,hoachat_chế_phẩm_vi_sinh__em,hoachat_chế_phẩm_vi_sinh_em,hoachat_doromit,hoachat_genplus,hoachat_kali_belarus,hoachat_kali_canada,hoachat_magie_clorua,hoachat_magnesium_chloride,hoachat_mật_rỉ_đường,hoachat_natri_bicarbonate,hoachat_organic,hoachat_sago_hepasol,hoachat_sodium_bicarbonate,hoachat_toppodine,hoachat_toppond,hoachat_vemevit,hoachat_vi_sinh_hiếu_khí,hoachat_vitapro,hoachat_vôi_nóng,loai_ao,sheet,thucan_beo,thucan_lysine,thucan_protein_tho,thucan_xo_tho,Áp suất thành phần Oxy,Điện trở suất,Điện áp ngoài,Độ dẫn riêng,Độ dẫn thực,Time.1
0,9/26/2022 7:00,Rainy,Vụ 2-2022,A14,A14N18,Circle,Nuôi 2,"one period, exchange water",834,MPNT,16.0,28.0,8.0,110.0,28.06986618,7.883835793,18.49625206,19.13143539,56.0,6.542529106,231.0,42.0,166.0,5000.0,0.0,6.6,0.0,92.75292206,1.72,1.7,,,,7259.0,,,,129.1934204,1.010017276,0,0,0.0,0.0,0.0,0.0,0.0,0,0,0,0,0.0,0.0,0,0,0,0.0,0.0,0,0.0,0,0.0,,A14N18,0.96,0.288,6.4,0.64,142.1223907,32.09370422,17.23699951,29432.97461,31158.75977,9/26/2022 15:00
1,9/26/2022 7:00,Rainy,Vụ 2-2022,A14,A14N18,Circle,Nuôi 2,"one period, exchange water",834,MPNT,16.0,28.0,14.0,110.0,28.98202705,7.92744875,18.59241867,19.21776199,44.0,5.830347061,239.0,41.0,171.0,4500.0,1.4,5.0,0.039,83.98338318,1.51,2.3,,,,4399.0,,,,107.1969223,1.009805083,0,0,0.0,0.0,0.0,0.0,0.0,0,0,0,0,0.0,0.0,0,0,0,0.0,0.0,0,0.0,0,0.0,,A14N18,0.6,0.18,4.0,0.4,128.4129944,31.43224335,17.21899986,29565.78711,31814.46484,9/26/2022 21:00
3,9/28/2022 7:00,Rainy,Vụ 2-2022,A14,A14N18,Circle,Nuôi 1,"one period, exchange water",834,MPNT,18.0,30.0,8.0,100.0,26.79104805,7.826212406,18.87120247,19.49091339,65.3,6.212468147,258.0,16.0,177.0,3500.0,0.0,5.6,0.007,86.34883118,1.0,1.85,,,,7996.0,,,,113.2003021,1.010684252,0,0,0.0,0.0,0.0,0.0,0.0,0,0,0,0,0.0,0.0,0,0,0,0.0,0.0,0,0.0,0,0.0,,A14N18,0.84,0.252,5.6,0.56,132.6806641,32.24577713,17.21899986,29986.01953,31011.8125,9/28/2022 15:00
8,9/30/2022 7:00,Rainy,Vụ 2-2022,A14,A14N18,Circle,Nuôi 1,"one period, exchange water",834,MPNT,20.0,32.0,14.0,110.0,28.28382874,7.938829899,19.94329262,20.48349953,115.5,6.239279747,391.0,13.0,172.0,4000.0,0.9,5.6,0.02,89.49235535,1.67,2.5,,,,7134.0,,,,127.0166626,1.011030912,0,0,0.0,0.0,0.0,0.0,0.0,0,0,0,0,0.0,0.0,0,0,0,0.0,0.0,0,0.0,0,0.0,,A14N18,0.0,0.0,0.0,0.0,137.0595093,29.86000824,17.22800064,31513.07422,33489.60938,9/30/2022 21:00
10,10/1/2022 7:00,Rainy,Vụ 2-2022,A14,A14N18,Circle,Nuôi 1,"one period, exchange water",834,MPNT,21.0,33.0,14.0,80.0,29.86930847,8.085926056,20.61855698,21.10336494,140.1,6.565568924,398.0,19.8,166.0,4000.0,0.0,4.9,0.019,97.06104279,1.75,2.55,,,,25744.0,,,,120.7414856,1.011030674,0,0,0.0,0.0,0.0,0.0,0.0,0,0,0,0,0.0,0.0,0,0,0,0.0,0.0,0,0.0,0,0.0,,A14N18,1.02,0.289,6.63,0.68,148.0890961,28.17993736,17.21899986,32466.71289,35486.23828,10/1/2022 21:00
11,10/2/2022 7:00,Rainy,Vụ 2-2022,A14,A14N18,Circle,Nuôi 1,"one period, exchange water",834,MPNT,22.0,34.0,8.0,110.0,27.64367104,7.767691612,20.69047928,21.18150902,96.8,6.133030891,365.0,14.0,186.0,4000.0,0.0,6.75,0.0,87.38339233,2.1,2.9,,,,3256.0,,,,112.7663803,1.011786461,0,0,0.0,0.0,0.0,0.0,0.0,0,0,0,0,0.0,0.0,0,0,0,0.0,0.0,0,0.0,0,0.0,,A14N18,1.5,0.425,9.75,1.0,134.0226898,29.2121067,17.21899986,32586.93555,34232.38281,10/2/2022 15:00
12,10/2/2022 7:00,Rainy,Vụ 2-2022,A14,A14N18,Circle,Nuôi 1,"one period, exchange water",834,MPNT,22.0,34.0,14.0,110.0,29.62928391,7.866154194,20.91016197,21.37418556,107.8,5.870049477,402.0,15.0,178.0,4000.0,1.9,5.75,0.03,86.57376099,1.48,2.65,,,,26993.0,,,,113.8750305,1.011325479,0,0,0.0,0.0,0.0,0.0,0.0,0,0,0,0,0.0,0.0,0,0,0,0.0,0.0,0,0.0,0,0.0,,A14N18,1.2,0.34,7.8,0.8,132.1667786,27.94007683,17.21899986,32883.35938,35790.88281,10/2/2022 21:00
13,10/3/2022 7:00,Rainy,Vụ 2-2022,A14,A14N18,Circle,Nuôi 1,"one period, exchange water",834,MPNT,23.0,35.0,8.0,110.0,27.73107719,7.762196064,20.76998329,21.25460434,115.5,6.00861311,394.0,15.0,179.0,4000.0,0.0,9.5,0.0,85.77587891,1.32,3.25,,,,6834.0,,,,104.4050446,1.011819124,0,0,0.0,0.0,0.0,0.0,0.0,0,0,0,0,0.0,0.0,0,0,0,0.0,0.0,0,0.0,0,0.0,,A14N18,1.5,0.425,9.75,1.0,131.5316772,29.06545067,17.22800064,32699.39063,34405.10938,10/3/2022 15:00
14,10/3/2022 7:00,Rainy,Vụ 2-2022,A14,A14N18,Circle,Nuôi 1,"one period, exchange water",834,MPNT,23.0,35.0,14.0,110.0,29.87606621,7.79149437,21.41235161,21.83687973,61.9,5.763120174,284.0,16.0,170.0,4000.0,0.0,6.05,0.034,85.58071136,1.68,3.45,,,,26993.0,,,,124.2271576,1.011619687,0,0,0.0,0.0,0.0,0.0,0.0,0,0,0,0,0.0,0.0,0,0,0,0.0,0.0,0,0.0,0,0.0,,A14N18,1.2,0.34,7.8,0.8,130.5709839,27.23013687,17.20999908,33595.19922,36724.01563,10/3/2022 21:00
15,10/4/2022 7:00,Rainy,Vụ 2-2022,A14,A14N18,Circle,Nuôi 1,"one period, exchange water",834,MPNT,24.0,36.0,8.0,110.0,27.61276817,7.786937714,21.8439827,22.24751282,78.9,5.986084938,343.0,16.0,183.0,4000.0,0.0,9.85,0.01,85.79615021,2.19,3.75,,,,2389.0,,,,89.25592041,1.012658119,0,0,0.0,0.0,0.0,0.0,0.0,0,0,0,0,0.0,0.0,0,0,0,0.0,0.0,0,0.0,0,0.0,,A14N18,1.5,0.425,9.75,1.0,131.59729,27.828022,17.21899986,34226.94141,35935.0,10/4/2022 15:00
16,10/4/2022 7:00,Rainy,Vụ 2-2022,A14,A14N18,Circle,Nuôi 1,"one period, exchange water",834,MPNT,24.0,36.0,14.0,110.0,29.15262222,7.78935194,21.58196068,21.99648666,89.1,5.95405817,295.0,16.0,172.0,4500.0,1.9,9.0,0.02,87.44433594,1.58,3.05,,,,13925.0,,,,129.1171265,1.011979342,0,0,0.0,0.0,0.0,0.0,0.0,0,0,0,0,0.0,0.0,0,0,0,0.0,0.0,0,0.0,0,0.0,,A14N18,1.2,0.34,7.8,0.8,133.6504517,27.3786335,17.21899986,33840.75,36524.83203,10/4/2022 21:00
17,10/5/2022 7:00,Rainy,Vụ 2-2022,A14,A14N18,Circle,Nuôi 1,"one period, exchange water",834,MPNT,25.0,37.0,8.0,80.0,27.49527168,7.737821579,22.35939026,22.72236443,76.4,5.809075356,293.0,17.0,172.0,4500.0,0.5,11.65,0.013,83.33335114,1.77,3.05,,,292.4131796,3969.0,,,,105.4850769,1.013079643,0,0,0.0,0.0,0.0,0.0,0.0,0,0,0,0,0.0,0.0,0,0,0,0.0,0.0,0,0.0,0,0.0,,A14N18,1.5,0.425,9.75,1.0,127.8528824,27.30483818,17.24600029,34957.48438,36623.54688,10/5/2022 15:00
20,10/6/2022 7:00,Rainy,Vụ 2-2022,A14,A14N18,Circle,Nuôi 1,"one period, exchange water",834,MPNT,26.0,38.0,14.0,80.0,29.11439514,7.657671928,22.86316872,23.17281151,89.1,5.802388668,316.0,17.4,168.0,4000.0,1.2,8.4,0.026,85.76854706,1.46,3.0,,,,25411.0,,,,84.62106323,1.012947202,0,0,0.0,0.0,0.0,0.0,0.0,0,0,0,0,0.0,0.0,0,0,0,0.0,0.0,0,0.0,0,0.0,,A14N18,1.2,0.34,7.8,0.8,131.1011658,26.00640297,17.22800064,35650.48047,38452.07031,10/6/2022 21:00
23,10/8/2022 7:00,Rainy,Vụ 2-2022,A14,A14N18,Circle,Nuôi 1,"one period, exchange water",834,MPNT,28.0,40.0,8.0,90.0,28.01793289,7.587961197,23.76979256,24.00782776,60.2,5.678192139,217.0,23.1,155.0,4000.0,0.0,6.6,0.0,82.82684326,1.79,3.6,,,,15236.0,,,,107.2136078,1.013972044,0,0,0.0,0.0,0.0,0.0,0.0,0,0,0,0,0.0,0.0,0,0,0,0.0,0.0,0,0.0,0,0.0,,A14N18,1.8,0.51,11.7,1.2,126.9278946,25.59891891,17.21899986,36935.11719,39064.14844,10/8/2022 15:00
24,10/8/2022 7:00,Rainy,Vụ 2-2022,A14,A14N18,Circle,Nuôi 1,"one period, exchange water",834,MPNT,28.0,40.0,14.0,80.0,27.53960037,7.56195116,23.1204834,27.92943764,91.2,5.624391079,327.0,20.1,174.0,4500.0,1.2,11.05,0.005,83.38941956,2.21,1.3,,,,15211.0,,,,126.8068542,1.017379642,0,0,0.0,0.0,0.0,0.0,0.0,0,0,0,0,0.0,0.0,0,0,0,0.0,0.0,0,0.0,0,0.0,,A14N18,1.8,0.51,11.7,1.2,127.9264221,22.19627571,17.22800064,42968.36328,45052.60156,10/8/2022 21:00
28,10/10/2022 7:00,Rainy,Vụ 2-2022,A14,A14N18,Circle,Nuôi 1,"one period, exchange water",834,MPNT,30.0,42.0,14.0,80.0,28.80411911,7.768985271,22.37226105,22.72498512,71.8,5.755964279,320.0,20.7,149.0,4500.0,1.0,10.05,0.02,84.41440582,1.74,4.1,,,,20471.0,,,,87.87241364,1.012679935,0,0,0.0,0.0,0.0,0.0,0.0,0,0,0,0,0.0,0.0,0,0,0,0.0,0.0,0,0.0,0,0.0,,A14N18,2.4,0.68,15.6,1.6,129.1263885,26.66540527,17.20999908,34961.51563,37501.77344,10/10/2022 21:00
29,10/11/2022 7:00,Rainy,Vụ 2-2022,A14,A14N18,Circle,Nuôi 1,"one period, exchange water",834,MPNT,31.0,43.0,8.0,110.0,27.08545685,7.847790241,19.36901474,19.95506096,84.0,5.994965553,349.0,16.0,160.0,5000.0,0.0,11.0,0.006,83.98287201,1.6,3.25,,,,6366.0,,,,93.53723907,1.010968328,0,0,0.0,0.0,0.0,0.0,0.0,0,0,0,0,0.0,0.0,0,0,0,0.0,0.0,0,0.0,0,0.0,,A14N18,2.4,0.68,15.6,1.6,128.9641876,31.3254261,17.19199944,30700.0957,31922.94922,10/11/2022 15:00
33,10/13/2022 7:00,Rainy,Vụ 2-2022,A14,A14N18,Circle,Nuôi 1,"one period, exchange water",834,MPNT,33.0,45.0,8.0,110.0,27.86019135,8.042787552,21.5118103,21.93956757,33.0,5.617063522,230.0,16.0,176.0,4500.0,0.0,13.9,0.017,80.69515991,2.06,3.35,,,133.1203252,8693.0,,,,86.16772461,1.012333512,0,0,0.0,0.0,0.0,0.0,0.0,0,0,0,0,0.0,0.0,0,0,0,0.0,0.0,0,0.0,0,0.0,,A14N18,2.4,0.68,15.6,1.6,123.7050705,28.09217262,17.20100021,33753.17969,35597.10547,10/13/2022 15:00
34,10/13/2022 7:00,Rainy,Vụ 2-2022,A14,A14N18,Circle,Nuôi 1,"one period, exchange water",834,MPNT,33.0,45.0,14.0,110.0,29.8250351,7.698545456,21.70829964,22.10969543,48.3,5.248613834,244.0,16.0,171.0,4500.0,0.7,11.9,0.02,78.00184631,2.08,2.85,,,134.4946714,14293.0,,,,118.1015015,1.011856675,0,0,0.0,0.0,0.0,0.0,0.0,0,0,0,0,0.0,0.0,0,0,0,0.0,0.0,0,0.0,0,0.0,,A14N18,1.2,0.34,7.8,0.8,119.0229721,26.9181385,17.18300056,34014.91797,37149.67188,10/13/2022 21:00
36,10/14/2022 7:00,Rainy,Vụ 2-2022,A14,A14N18,Circle,Nuôi 1,"one period, exchange water",834,MPNT,34.0,46.0,14.0,80.0,29.0260601,7.732223511,21.58951378,22.00410461,80.6,5.379449844,333.0,25.1,188.0,4500.0,0.3,13.8,0.028,78.84235382,3.66,2.5,,,,20144.0,,,,111.7214203,1.012025356,0,0,0.0,0.0,0.0,0.0,0.0,0,0,0,0,0.0,0.0,0,0,0,0.0,0.0,0,0.0,0,0.0,,A14N18,1.2,0.34,7.8,0.8,120.5395966,27.43059158,17.18300056,33852.46875,36455.64844,10/14/2022 21:00
37,10/15/2022 7:00,Rainy,Vụ 2-2022,A14,A14N18,Circle,Nuôi 1,"one period, exchange water",834,MPNT,35.0,47.0,8.0,110.0,26.47262764,8.059837341,21.40957832,21.85633087,61.1,5.946390152,273.0,15.0,198.0,4000.0,0.3,10.2,0.037,83.38053131,2.66,3.35,,,,8693.0,,,,94.94390869,1.012678504,0,0,0.0,0.0,0.0,0.0,0.0,0,0,0,0,0.0,0.0,0,0,0,0.0,0.0,0,0.0,0,0.0,,A14N18,2.2,0.66,15.6,1.6,128.205307,28.92605782,17.19199944,33625.125,34570.90625,10/15/2022 15:00
38,10/15/2022 7:00,Rainy,Vụ 2-2022,A14,A14N18,Circle,Nuôi 1,"one period, exchange water",834,MPNT,35.0,47.0,14.0,110.0,29.8250351,7.698545456,21.70829964,22.10969543,77.2,5.541137218,332.0,14.0,211.0,4500.0,0.1,14.6,0.039,,3.4,3.45,,,,18293.0,,,,,,0,0,0.0,0.0,0.0,0.0,0.0,0,0,0,0,0.0,0.0,0,0,0,0.0,0.0,0,0.0,0,0.0,,A14N18,1.0,0.32,7.8,0.8,,,,,,10/15/2022 21:00
39,10/15/2022 7:00,Rainy,Vụ 2-2022,A14,A14N18,Circle,Nuôi 1,"one period, exchange water",834,MPNT,35.0,47.0,17.0,110.0,29.1799736,7.721484184,22.3821373,22.73188591,77.2,5.269753456,332.0,14.0,188.0,,,,,78.28673553,,,,,,18293.0,,,,138.1811218,1.012567163,0,0,0.0,0.0,0.0,0.0,0.0,0,0,0,0,0.0,0.0,0,0,0,0.0,0.0,0,0.0,0,0.0,,A14N18,0.5,0.16,3.9,0.4,118.8605652,26.480093,17.45299911,34972.13281,37764.21875,10/16/2022 0:00
40,10/17/2022 7:00,Rainy,Vụ 2-2022,A14,A14N18,Circle,Nuôi 1,"one period, exchange water",834,MPNT,37.0,49.0,8.0,80.0,27.81696129,7.982909679,22.98602295,23.29409027,62.8,5.977570057,289.0,32.5,198.0,4000.0,0.0,10.8,0.047,86.52030182,2.25,2.6,,,,12588.0,,,,107.7279129,1.013448715,0,0,0.0,0.0,0.0,0.0,0.0,0,0,0,0,0.0,0.0,0,0,0,0.0,0.0,0,0.0,0,0.0,,A14N18,1.0,0.32,7.8,0.8,132.6478119,26.47937775,17.18300056,35837.0625,37765.23828,10/17/2022 15:00
41,10/17/2022 7:00,Rainy,Vụ 2-2022,A14,A14N18,Circle,Nuôi 1,"one period, exchange water",834,MPNT,37.0,49.0,14.0,80.0,29.81116486,7.889775753,22.96883392,23.26567841,63.6,5.658355236,311.0,25.7,202.0,4500.0,2.3,12.4,0.057,84.65748596,2.29,2.85,,,,28599.0,,,,113.4571075,1.012800455,0,0,0.0,0.0,0.0,0.0,0.0,0,0,0,0,0.0,0.0,0,0,0,0.0,0.0,0,0.0,0,0.0,,A14N18,1.0,0.32,7.8,0.8,129.1832733,25.58688927,17.21899986,35793.35156,39082.51563,10/17/2022 21:00
42,10/18/2022 7:00,Rainy,Vụ 2-2022,A14,A14N18,Circle,Nuôi 1,"one period, exchange water",834,MPNT,38.0,50.0,8.0,110.0,27.9106102,7.828726292,22.46021271,22.81167984,112.1,5.798797131,393.0,16.0,198.0,5000.0,0.1,13.3,0.073,83.81925964,2.0,4.75,,,,10589.0,,,,110.5102539,1.013026476,0,0,0.0,0.0,0.0,0.0,0.0,0,0,0,0,0.0,0.0,0,0,0,0.0,0.0,0,0.0,0,0.0,,A14N18,2.12,0.652,15.6,1.6,128.4797668,26.99353027,17.21899986,35094.89453,37045.91406,10/18/2022 15:00
43,10/18/2022 7:00,Rainy,Vụ 2-2022,A14,A14N18,Circle,Nuôi 1,"one period, exchange water",834,MPNT,38.0,50.0,14.0,110.0,29.74167442,7.819681644,21.9131279,22.29846764,128.2,5.723896503,401.0,16.0,204.0,4500.0,2.9,13.1,0.073,85.04399109,2.07,2.95,,,,14253.0,,,,124.2789307,1.012036324,0,0,0.0,0.0,0.0,0.0,0.0,0,0,0,0,0.0,0.0,0,0,0,0.0,0.0,0,0.0,0,0.0,,A14N18,1.59,0.489,11.7,1.2,129.7953949,26.72922707,17.20100021,34305.33594,37412.23047,10/18/2022 21:00
44,10/19/2022 7:00,Rainy,Vụ 2-2022,A14,A14N18,Circle,Nuôi 1,"one period, exchange water",834,MPNT,39.0,51.0,14.0,90.0,27.43959045,7.824148178,20.74163055,21.23033714,91.7,5.943479061,369.0,18.5,183.0,4500.0,2.3,11.0,0.11,84.41357422,1.99,1.85,,,,10411.0,,,,120.4690018,1.011887193,0,0,0.0,0.0,0.0,0.0,0.0,0,0,0,0,0.0,0.0,0,0,0,0.0,0.0,0,0.0,0,0.0,,A14N18,2.0,0.64,15.6,1.6,129.5260162,29.25346565,17.20100021,32662.05664,34183.98438,10/19/2022 21:00
45,10/20/2022 7:00,Rainy,Vụ 2-2022,A14,A14N18,Circle,Nuôi 1,"one period, exchange water",834,MPNT,40.0,52.0,8.0,110.0,26.60988045,7.86672163,20.87277794,21.35838318,69.6,6.193926334,287.0,16.0,184.0,4500.0,0.5,11.8,0.129,86.79429626,1.99,2.0,,,101.5656027,9395.0,,,,130.3299866,1.012235761,0,0,0.0,0.0,0.0,0.0,0.0,0,0,0,0,0.0,0.0,0,0,0,0.0,0.0,0,0.0,0,0.0,,A14N18,2.0,0.64,15.6,1.6,133.4160461,29.52515411,17.20100021,32859.05078,33869.42578,10/20/2022 15:00
46,10/20/2022 7:00,Rainy,Vụ 2-2022,A14,A14N18,Circle,Nuôi 1,"one period, exchange water",834,MPNT,40.0,52.0,14.0,110.0,27.48238564,7.808344364,21.00873947,21.47742844,56.8,5.715866089,303.0,16.0,183.0,4500.0,0.6,12.7,0.144,81.36129761,2.1,2.45,,,101.5656027,7108.0,,,,140.3125763,1.012073755,0,0,0.0,0.0,0.0,0.0,0.0,0,0,0,0,0.0,0.0,0,0,0,0.0,0.0,0,0.0,0,0.0,,A14N18,2.0,0.64,15.6,1.6,124.8308029,28.89434624,17.19199944,33042.19922,34608.84766,10/20/2022 21:00
47,10/21/2022 7:00,Rainy,Vụ 2-2022,A14,A14N18,Circle,Nuôi 1,"one period, exchange water",834,MPNT,41.0,53.0,8.0,80.0,26.95412064,7.925153255,20.95577621,21.43242264,46.6,5.957812786,204.0,22.2,182.0,4000.0,3.0,12.7,0.193,84.01934814,2.01,1.95,,,,15222.0,,,,125.2111511,1.012194514,0,0,0.0,0.0,0.0,0.0,0.0,0,0,0,0,0.0,0.0,0,0,0,0.0,0.0,0,0.0,0,0.0,,A14N18,2.0,0.64,15.6,1.6,129.0565186,29.23666382,17.19199944,32972.95703,34203.62891,10/21/2022 15:00
48,10/21/2022 7:00,Rainy,Vụ 2-2022,A14,A14N18,Circle,Nuôi 1,"one period, exchange water",834,MPNT,41.0,53.0,14.0,80.0,29.37841988,7.993691921,21.63765335,22.04667473,20.2,6.014223576,190.0,20.1,179.0,4500.0,3.1,8.8,0.179,88.68718719,2.03,1.85,,,,28599.0,,,,117.6365891,1.011948347,0,0,0.0,0.0,0.0,0.0,0.0,0,0,0,0,0.0,0.0,0,0,0,0.0,0.0,0,0.0,0,0.0,,A14N18,2.0,0.64,15.6,1.6,135.4762115,27.20759392,17.18300056,33917.96094,36754.44531,10/21/2022 21:00
49,10/22/2022 7:00,Rainy,Vụ 2-2022,A14,A14N18,Circle,Nuôi 1,"one period, exchange water",834,MPNT,42.0,54.0,8.0,110.0,28.00932312,7.76126194,22.16057014,22.53583336,55.4,5.774789333,301.0,16.0,180.0,5000.0,2.0,7.8,0.108,83.47147369,2.5,2.45,,,,9393.0,,,,115.2786255,1.012771964,0,0,0.0,0.0,0.0,0.0,0.0,0,0,0,0,0.0,0.0,0,0,0,0.0,0.0,0,0.0,0,0.0,,A14N18,2.0,0.64,15.6,1.6,127.918251,27.2752285,17.21899986,34670.51172,36663.30469,10/22/2022 15:00
50,10/22/2022 7:00,Rainy,Vụ 2-2022,A14,A14N18,Circle,Nuôi 1,"one period, exchange water",834,MPNT,42.0,54.0,14.0,100.0,29.46396065,7.87072134,22.29071236,22.64653587,57.0,5.759912968,228.0,16.0,182.0,4500.0,2.8,8.5,0.172,85.3647995,2.43,2.27,,,,14293.0,,,,117.2074356,1.01240766,0,0,0.0,0.0,0.0,0.0,0.0,0,0,0,0,0.0,0.0,0,0,0,0.0,0.0,0,0.0,0,0.0,,A14N18,2.0,0.64,15.6,1.6,130.3739014,26.44704247,17.20100021,34840.82422,37811.41016,10/22/2022 21:00
51,10/23/2022 7:00,Rainy,Vụ 2-2022,A14,A14N18,Circle,Nuôi 1,"one period, exchange water",834,MPNT,43.0,55.0,8.0,80.0,28.03062439,7.807996273,22.49630165,22.84389687,44.5,5.846891403,284.0,22.6,179.0,4500.0,1.7,7.4,0.14,84.70237732,2.5,2.45,,,88.44316107,15236.0,,,,109.2490234,1.013016105,0,0,0.0,0.0,0.0,0.0,0.0,0,0,0,0,0.0,0.0,0,0,0,0.0,0.0,0,0.0,0,0.0,,A14N18,2.0,0.64,15.6,1.6,129.7983246,26.89705467,17.19199944,35144.45703,37178.79297,10/23/2022 15:00
52,10/23/2022 7:00,Rainy,Vụ 2-2022,A14,A14N18,Circle,Nuôi 1,"one period, exchange water",834,MPNT,43.0,55.0,14.0,80.0,29.37603569,7.80146265,22.53946686,22.87504578,37.1,5.662438869,258.0,26.9,182.0,4500.0,1.14,7.6,0.15,83.91337585,1.87,2.55,,,88.44316107,25441.0,,,,102.9976883,1.012621403,0,0,0.0,0.0,0.0,0.0,0.0,0,0,0,0,0.0,0.0,0,0,0,0.0,0.0,0,0.0,0,0.0,,A14N18,1.0,0.32,7.8,0.8,128.1846008,26.22342873,17.18300056,35192.37891,38133.83984,10/23/2022 21:00
53,10/24/2022 7:00,Rainy,Vụ 2-2022,A14,A14N18,Circle,Nuôi 1,"one period, exchange water",834,MPNT,44.0,56.0,8.0,110.0,28.1253376,7.879348278,22.96856689,23.27575684,44.9,5.954325199,302.0,16.0,180.0,4500.0,0.4,7.6,0.11,86.62381744,2.6,2.47,,,,8533.0,,,,114.5490723,1.01333952,0,0,0.0,0.0,0.0,0.0,0.0,0,0,0,0,0.0,0.0,0,0,0,0.0,0.0,0,0.0,0,0.0,,A14N18,2.0,0.64,15.6,1.6,132.7142639,26.35294342,17.21899986,35808.85547,37946.42578,10/24/2022 15:00
54,10/24/2022 7:00,Rainy,Vụ 2-2022,A14,A14N18,Circle,Nuôi 1,"one period, exchange water",834,MPNT,44.0,56.0,14.0,100.0,30.37695122,7.882157803,23.03054619,23.31949043,62.5,5.77681303,322.0,15.5,179.0,4500.0,0.68,8.1,0.18,87.26516724,2.8,3.1,,,,26993.0,,,,115.1117401,1.012660503,0,0,0.0,0.0,0.0,0.0,0.0,0,0,0,0,0.0,0.0,0,0,0,0.0,0.0,0,0.0,0,0.0,,A14N18,1.5,0.48,11.7,1.2,132.9727478,25.27766609,17.21899986,35876.14063,39560.61328,10/24/2022 21:00
55,10/25/2022 7:00,Rainy,Vụ 2-2022,A14,A14N18,Circle,Nuôi 1,"one period, exchange water",834,MPNT,45.0,57.0,8.0,80.0,28.92027092,7.801105976,22.48045349,22.82351112,47.9,5.715699673,298.0,19.5,180.0,4500.0,0.48,7.1,0.14,84.03663635,2.2,2.46,,,,12508.0,,,,113.2544556,1.012723684,0,0,0.0,0.0,0.0,0.0,0.0,0,0,0,0,0.0,0.0,0,0,0,0.0,0.0,0,0.0,0,0.0,,A14N18,2.0,0.64,15.6,1.6,128.5132751,26.49549675,17.18300056,35113.09375,37742.26172,10/25/2022 15:00
56,10/25/2022 7:00,Rainy,Vụ 2-2022,A14,A14N18,Circle,Nuôi 1,"one period, exchange water",834,MPNT,45.0,57.0,14.0,80.0,28.47562218,7.933532715,20.64680481,21.13591385,55.6,6.014600754,315.0,18.5,182.0,4500.0,0.71,6.8,0.28,86.88768768,3.1,2.89,,,,25411.0,,,,94.71025848,1.011496067,0,0,0.0,0.0,0.0,0.0,0.0,0,0,0,0,0.0,0.0,0,0,0,0.0,0.0,0,0.0,0,0.0,,A14N18,1.0,0.32,7.8,0.8,133.011673,28.83889008,17.18300056,32516.78906,34675.39844,10/25/2022 21:00
57,10/26/2022 7:00,Rainy,Vụ 2-2022,A14,A14N18,Circle,Nuôi 1,"one period, exchange water",834,MPNT,46.0,58.0,8.0,110.0,28.38757515,7.795279026,23.36170197,23.63298988,59.6,5.86373806,322.0,16.0,182.0,4500.0,0.5,6.5,0.13,85.86940765,3.6,2.14,,,,9663.0,,,,122.8174286,1.013550639,0,0,0.0,0.0,0.0,0.0,0.0,0,0,0,0,0.0,0.0,0,0,0,0.0,0.0,0,0.0,0,0.0,,A14N18,2.0,0.64,15.6,1.6,131.4795685,25.83249474,17.20100021,36358.44531,38710.93359,10/26/2022 15:00
58,10/26/2022 7:00,Rainy,Vụ 2-2022,A14,A14N18,Circle,Nuôi 1,"one period, exchange water",834,MPNT,46.0,58.0,14.0,110.0,30.17697525,7.86785984,23.43935966,23.69325447,62.6,5.582139492,318.0,16.0,179.0,5000.0,0.62,7.2,0.21,84.23777008,4.1,2.6,,,,26993.0,,,,122.4812546,1.013031125,0,0,0.0,0.0,0.0,0.0,0.0,0,0,0,0,0.0,0.0,0,0,0,0.0,0.0,0,0.0,0,0.0,,A14N18,1.5,0.48,11.7,1.2,128.4249878,24.96538734,17.19199944,36451.16016,40055.45703,10/26/2022 21:00
59,10/27/2022 7:00,Rainy,Vụ 2-2022,A14,A14N18,Circle,Nuôi 1,"one period, exchange water",834,MPNT,47.0,59.0,8.0,80.0,28.10078049,7.881575108,23.4996376,23.76097298,77.4,5.855974197,293.0,18.5,176.0,4500.0,1.2,7.8,0.13,85.41015625,7.44,3.2,,,,10111.0,,,,114.0221634,1.013744116,0,0,0.0,0.0,0.0,0.0,0.0,0,0,0,0,0.0,0.0,0,0,0,0.0,0.0,0,0.0,0,0.0,,A14N18,1.0,0.32,7.8,0.8,130.8621368,25.82622719,17.19199944,36555.34375,38720.32813,10/27/2022 15:00
60,10/27/2022 7:00,Rainy,Vụ 2-2022,A14,A14N18,Circle,Nuôi 1,"one period, exchange water",834,MPNT,47.0,59.0,14.0,90.0,28.87978554,7.977481842,23.61342239,23.85907364,60.8,5.89679575,322.0,15.2,175.0,4500.0,1.35,7.5,0.11,87.18649292,7.2,4.1,,,,10361.0,,,,101.6577759,1.01358223,0,0,0.0,0.0,0.0,0.0,0.0,0,0,0,0,0.0,0.0,0,0,0,0.0,0.0,0,0.0,0,0.0,,A14N18,0.0,0.0,0.0,0.0,133.3429718,25.36375237,17.19199944,36706.26563,39426.34375,10/27/2022 21:00
61,10/28/2022 7:00,Rainy,Vụ 2-2022,A14,A14N18,Circle,Nuôi 1,"one period, exchange water",834,MPNT,48.0,60.0,8.0,110.0,27.77732277,7.966013908,19.94099808,20.48427773,70.2,5.933944225,298.0,15.5,178.0,4500.0,1.1,7.2,0.11,84.38510895,7.1,3.2,,,73.59738571,9356.0,,,,118.6903992,1.011185646,0,0,0.0,0.0,0.0,0.0,0.0,0,0,0,0,0.0,0.0,0,0,0,0.0,0.0,0,0.0,0,0.0,,A14N18,2.0,0.64,15.6,1.6,129.3857117,30.13318253,17.20100021,31514.27539,33186.00781,10/28/2022 15:00
62,10/28/2022 7:00,Rainy,Vụ 2-2022,A14,A14N18,Circle,Nuôi 1,"one period, exchange water",834,MPNT,48.0,60.0,14.0,100.0,28.68880081,7.949551105,23.75403214,23.98840904,65.5,5.905650616,315.0,16.0,175.0,4500.0,1.4,6.9,0.13,87.10845184,6.8,2.8,,,73.59738571,12929.0,,,,130.7448425,1.013748288,0,0,0.0,0.0,0.0,0.0,0.0,0,0,0,0,0.0,0.0,0,0,0,0.0,0.0,0,0.0,0,0.0,,A14N18,1.0,0.32,7.8,0.8,133.2834778,25.31296349,17.18300056,36905.24609,39505.44922,10/28/2022 21:00
63,10/29/2022 7:00,Rainy,Vụ 2-2022,A14,A14N18,Circle,Nuôi 1,"one period, exchange water",834,MPNT,49.0,61.0,8.0,80.0,28.11714935,7.87660408,23.97031975,24.1895237,61.2,5.998636723,330.0,22.9,170.0,4500.0,1.0,6.5,0.08,87.74475861,7.8,4.2,,,,10821.0,,,,105.4510193,1.014090776,0,0,0.0,0.0,0.0,0.0,0.0,0,0,0,0,0.0,0.0,0,0,0,0.0,0.0,0,0.0,0,0.0,,A14N18,2.0,0.64,15.6,1.6,134.4341278,25.36119461,17.22800064,37214.65234,39430.32031,10/29/2022 15:00
64,10/29/2022 7:00,Rainy,Vụ 2-2022,A14,A14N18,Circle,Nuôi 1,"one period, exchange water",834,MPNT,49.0,61.0,14.0,80.0,28.35025597,7.93439579,24.09871483,24.30441093,59.3,5.901628494,371.0,22.4,172.0,4500.0,0.81,6.8,0.09,86.7250061,6.9,3.8,,,,12544.0,,,,126.4175415,1.014113188,0,0,0.0,0.0,0.0,0.0,0.0,0,0,0,0,0.0,0.0,0,0,0,0.0,0.0,0,0.0,0,0.0,,A14N18,1.0,0.32,7.8,0.8,132.8010101,25.13568687,17.20100021,37391.40234,39784.07422,10/29/2022 21:00
65,10/30/2022 7:00,Rainy,Vụ 2-2022,A14,A14N18,Circle,Nuôi 1,"one period, exchange water",834,MPNT,50.0,62.0,8.0,110.0,27.75958824,7.906602859,24.4495163,24.62792397,47.8,5.894222736,310.0,15.6,172.0,4500.0,0.85,6.1,0.041,85.93093872,6.5,3.8,,,,8635.0,,,,104.5092621,1.014561296,0,0,0.0,0.0,0.0,0.0,0.0,0,0,0,0,0.0,0.0,0,0,0,0.0,0.0,0,0.0,0,0.0,,A14N18,2.0,0.64,15.6,1.6,131.7610931,25.07134056,17.19199944,37889.11328,39886.17969,10/30/2022 15:00
66,10/30/2022 7:00,Rainy,Vụ 2-2022,A14,A14N18,Circle,Nuôi 1,"one period, exchange water",834,MPNT,50.0,62.0,14.0,110.0,28.95078087,7.926563263,24.49364471,24.6584301,52.3,5.82537365,351.0,15.8,173.0,4500.0,0.81,5.8,0.052,86.65364838,6.2,4.2,,,,13765.0,,,,118.8882904,1.014216781,0,0,0.0,0.0,0.0,0.0,0.0,0,0,0,0,0.0,0.0,0,0,0,0.0,0.0,0,0.0,0,0.0,,A14N18,1.0,0.32,7.8,0.8,132.5057678,24.51058578,17.19199944,37936.04688,40798.69922,10/30/2022 21:00
67,10/31/2022 7:00,Rainy,Vụ 2-2022,A14,A14N18,Circle,Nuôi 1,"one period, exchange water",834,MPNT,51.0,63.0,8.0,80.0,28.08673286,7.948181629,24.08864784,24.29736328,55.4,5.977106094,263.0,20.1,180.0,4500.0,2.4,7.2,0.04,87.44284058,5.3,4.8,,,,12311.0,,,,114.3082657,1.014188886,0,0,0.0,0.0,0.0,0.0,0.0,0,0,0,0,0.0,0.0,0,0,0,0.0,0.0,0,0.0,0,0.0,,A14N18,0.0,0.0,0.0,0.0,133.9808044,25.2624836,17.19199944,37380.55859,39584.39063,10/31/2022 15:00
68,10/31/2022 7:00,Rainy,Vụ 2-2022,A14,A14N18,Circle,Nuôi 1,"one period, exchange water",834,MPNT,51.0,63.0,14.0,100.0,29.94182205,8.07307148,25.23485374,25.32236481,60.1,6.000859261,274.0,22.1,179.0,4500.0,1.87,8.1,0.038,91.10394287,6.0,4.0,,,,24551.0,,,,101.0498047,1.014447093,0,0,0.0,0.0,0.0,0.0,0.0,0,0,0,0,0.0,0.0,0,0,0,0.0,0.0,0,0.0,0,0.0,,A14N18,1.0,0.32,7.8,0.8,138.9749908,23.45510864,17.20100021,38957.48438,42634.63672,10/31/2022 21:00
69,11/1/2022 7:00,Dry,Vụ 2-2022,A14,A14N18,Circle,Nuôi 1,"one period, exchange water",834,MPNT,52.0,64.0,8.0,110.0,29.38710671,7.957289219,25.1062355,25.2413044,74.2,6.024114418,271.0,15.8,182.0,4500.0,2.1,6.6,0.05,80.02560425,4.6,5.1,,,,10144.0,,,,123.1702881,1.015565038,0,0,0.0,0.0,0.0,0.0,0.0,0,0,0,0,0.0,0.0,0,0,0,0.0,0.0,0,0.0,0,0.0,,A14N18,1.0,0.32,7.8,0.8,136.2244415,25.22762489,17.19199944,38832.77344,39639.08594,11/1/2022 15:00
70,11/1/2022 7:00,Dry,Vụ 2-2022,A14,A14N18,Circle,Nuôi 1,"one period, exchange water",834,MPNT,52.0,64.0,14.0,90.0,26.84618797,7.618767994,21.49767997,32.19769747,65.8,5.561979799,301.0,22.1,180.0,4500.0,2.4,6.3,0.11,76.53494914,5.2,4.8,,,,12074.0,,,,84.19494994,1.02194694,0,0,0.0,0.0,0.0,0.0,0.0,0,0,0,0,0.0,0.0,0,0,0,0.0,0.0,0,0.0,0,0.0,,A14N18,1.0,0.32,7.8,0.8,142.1876495,26.19467978,17.21179679,42321.79499,,11/1/2022 21:00
71,11/2/2022 7:00,Dry,Vụ 2-2022,A14,A14N18,Circle,Nuôi 1,"one period, exchange water",834,MPNT,53.0,65.0,8.0,100.0,28.10359192,7.954584827,25.08587646,25.22266006,70.2,6.013810444,331.0,17.0,185.0,4500.0,1.85,7.4,0.04,80.39396668,5.4,6.4,,,,8593.0,,,,122.2595215,1.015544772,0,0,0.0,0.0,0.0,0.0,0.0,0,0,0,0,0.0,0.0,0,0,0,0.0,0.0,0,0.0,0,0.0,,A14N18,1.0,0.32,7.8,0.8,136.0173035,25.23848915,17.20999908,38804.08984,39622.02344,11/2/2022 15:00
72,11/2/2022 7:00,Dry,Vụ 2-2022,A14,A14N18,Circle,Nuôi 1,"one period, exchange water",834,MPNT,53.0,65.0,14.0,100.0,29.63295364,7.936214924,25.32228661,25.43007469,66.5,6.064905167,275.0,15.0,184.0,4500.0,1.96,6.2,0.11,87.17571259,4.8,5.9,,,,26993.0,,,,110.0453415,1.015562296,0,0,0.0,0.0,0.0,0.0,0.0,0,0,0,0,0.0,0.0,0,0,0,0.0,0.0,0,0.0,0,0.0,,A14N18,1.0,0.32,7.8,0.8,133.9958496,24.78718758,17.18300056,39123.19141,40343.42188,11/2/2022 21:00
73,11/3/2022 7:00,Dry,Vụ 2-2022,A14,A14N18,Circle,Nuôi 1,"one period, exchange water",834,MPNT,54.0,66.0,8.0,100.0,26.14148331,7.962862968,25.10292244,25.23761368,65.3,6.216310024,270.0,16.0,184.0,4500.0,2.0,6.4,0.08,88.49531555,6.2,6.1,,,54.88812375,6286.0,575.0,386.0,,121.49897,1.015546322,0,0,0.0,0.0,0.0,0.0,0.0,0,0,0,0,0.0,0.0,0,0,0,0.0,0.0,0,0.0,0,0.0,,A14N18,1.0,0.32,7.8,0.8,136.162735,25.2056675,17.18300056,38827.09766,39673.61719,11/3/2022 15:00
74,11/3/2022 7:00,Dry,Vụ 2-2022,A14,A14N18,Circle,Nuôi 1,"one period, exchange water",834,MPNT,54.0,66.0,14.0,90.0,29.49769148,7.694848848,21.79976949,56.49697997,65.8,6.179676794,301.0,16.6,186.0,4500.0,1.85,7.2,0.075,77.49467676,6.8,7.2,,,54.88812375,20411.0,,,,39.49764994,1.02643495,0,0,0.0,0.0,0.0,0.0,0.0,0,0,0,0,0.0,0.0,0,0,0,0.0,0.0,0,0.0,0,0.0,,A14N18,1.0,0.32,7.8,0.8,122.1767977,17.21469316,17.21149768,38211.87565,,11/3/2022 21:00
75,11/4/2022 7:00,Dry,Vụ 2-2022,A14,A14N18,Circle,Nuôi 1,"one period, exchange water",834,MPNT,55.0,67.0,8.0,80.0,26.30836296,7.906952858,25.00247383,25.1445713,55.4,6.26897192,301.0,22.1,180.0,4500.0,1.7,6.8,0.04,89.44985199,7.2,6.6,,,,10241.0,561.0,367.0,1190.0,116.2752228,1.015420675,0,0,0.0,0.0,0.0,0.0,0.0,0,0,0,0,0.0,0.0,0,0,0,0.0,0.0,0,0.0,0,0.0,,A14N18,1.0,0.32,7.8,0.8,137.584259,25.22026062,17.20100021,38683.95703,39650.66016,11/4/2022 15:00
76,11/4/2022 7:00,Dry,Vụ 2-2022,A14,A14N18,Circle,Nuôi 1,"one period, exchange water",834,MPNT,55.0,67.0,14.0,90.0,28.00403595,7.945445061,25.4169445,25.50120354,62.1,5.972430229,325.0,20.6,178.0,5000.0,1.2,7.0,0.08,87.90206146,6.4,7.2,,,,24511.0,,,,115.7816925,1.015208364,0,0,0.0,0.0,0.0,0.0,0.0,0,0,0,0,0.0,0.0,0,0,0,0.0,0.0,0,0.0,0,0.0,,A14N18,1.0,0.32,7.8,0.8,134.7096252,24.10586739,17.22800064,39232.62109,41483.67578,11/4/2022 21:00
77,11/5/2022 7:00,Dry,Vụ 2-2022,A14,A14N18,Circle,Nuôi 1,"one period, exchange water",834,MPNT,56.0,68.0,8.0,100.0,26.76342964,7.975990295,25.69972229,25.76937485,60.2,6.195419312,278.0,23.6,180.0,4500.0,1.4,6.5,0.05,89.43927765,7.4,5.6,,,,12311.0,587.0,371.0,1280.0,120.8266296,1.015805483,0,0,0.0,0.0,0.0,0.0,0.0,0,0,0,0,0.0,0.0,0,0,0,0.0,0.0,0,0.0,0,0.0,,A14N18,1.0,0.32,7.8,0.8,137.4373627,24.40184975,17.19199944,39645.19141,40980.5,11/5/2022 15:00
78,11/5/2022 7:00,Dry,Vụ 2-2022,A14,A14N18,Circle,Nuôi 1,"one period, exchange water",834,MPNT,56.0,68.0,14.0,80.0,28.16375923,8.30133152,25.82484245,28.54796791,66.9,6.234605312,315.0,20.7,182.0,5000.0,2.1,6.1,0.07,93.76983643,8.4,6.4,,,,25132.0,,,,135.8565369,1.017709255,0,0,0.0,0.0,0.0,0.0,0.0,0,0,0,0,0.0,0.0,0,0,0,0.0,0.0,0,0.0,0,0.0,,A14N18,1.0,0.32,7.8,0.8,143.6499481,21.47123718,17.19199944,43919.94922,46573.93359,11/5/2022 21:00
79,11/6/2022 7:00,Dry,Vụ 2-2022,A14,A14N18,Circle,Nuôi 1,"one period, exchange water",834,MPNT,57.0,69.0,8.0,100.0,26.76342964,7.975990295,25.69972229,25.76937485,55.8,5.561979799,285.0,23.1,179.0,5000.0,1.5,6.6,0.08,,7.5,6.2,,,,10253.0,568.0,329.0,1244.0,,,0,0,0.0,0.0,0.0,0.0,0.0,0,0,0,0,0.0,0.0,0,0,0,0.0,0.0,0,0.0,0,0.0,,A14N18,1.0,0.32,7.8,0.8,,,,,,11/6/2022 7:00
80,11/6/2022 7:00,Dry,Vụ 2-2022,A14,A14N18,Circle,Nuôi 1,"one period, exchange water",834,MPNT,57.0,69.0,14.0,80.0,28.878088,7.924321651,26.00738335,26.02556419,68.7,5.9031353,340.0,25.1,182.0,5000.0,1.8,7.1,0.12,88.4436264,8.2,7.6,,,,25131.0,,,,115.7220917,1.015371084,0,0,0.0,0.0,0.0,0.0,0.0,0,0,0,0,0.0,0.0,0,0,0,0.0,0.0,0,0.0,0,0.0,,A14N18,1.0,0.32,7.8,0.8,135.2661896,23.25305557,17.19199944,40039.32813,43005.10156,11/6/2022 21:00
81,11/7/2022 7:00,Dry,Vụ 2-2022,A14,A14N18,Circle,Nuôi 1,"one period, exchange water",834,MPNT,58.0,70.0,8.0,90.0,27.04681206,7.906682968,26.11995506,26.14468765,60.2,6.003511429,301.0,32.1,180.0,5000.0,1.4,7.5,0.14,87.29180908,6.8,6.4,,,,10874.0,591.0,392.0,1198.0,109.4183044,1.01603353,0,0,0.0,0.0,0.0,0.0,0.0,0,0,0,0,0.0,0.0,0,0,0,0.0,0.0,0,0.0,0,0.0,,A14N18,0.0,0.0,0.0,0.0,134.0565338,23.92627335,17.19199944,40222.59375,41795.05859,11/7/2022 15:00
82,11/7/2022 7:00,Dry,Vụ 2-2022,A14,A14N18,Circle,Nuôi 1,"one period, exchange water",834,MPNT,58.0,70.0,14.0,80.0,29.32188517,7.42118981,25.19763167,32.19764958,69.7,5.418761365,355.0,21.2,177.0,4500.0,1.7,8.1,0.1,74.32949816,7.2,6.7,,,,24123.0,,,,33.29187617,1.023198781,0,0,0.0,0.0,0.0,0.0,0.0,0,0,0,0,0.0,0.0,0,0,0,0.0,0.0,0,0.0,0,0.0,,A14N18,0.0,0.0,0.0,0.0,112.1876498,26.19768213,17.21876199,32851.7865,,11/7/2022 21:00
83,9/26/2022 7:00,Rainy,Vụ 3-2022,A15,A15N12,Circle,nuôi 1,"one period, exchange water",834,MPNT,15.0,27.0,8.0,60.0,27.90877342,8.037370682,22.26613235,22.63353729,106.0,6.795449257,356.0,24.0,137.0,5000.0,0.0,0.14,0.009,98.11605072,0.57,4.5,,,,6225.0,,,,135.1586456,1.012882113,0,0,0.0,0.0,0.0,0.0,0.0,0,0,0,0,0.0,0.0,0,0,0,0.0,0.0,0,0.0,0,0.0,,A15N12,0.0,0.0,0.0,0.0,150.3947754,27.20689392,17.21899986,34820.82813,,9/26/2022 15:00
84,9/26/2022 7:00,Rainy,Vụ 3-2022,A15,A15N12,Circle,nuôi 1,"one period, exchange water",834,MPNT,15.0,27.0,14.0,60.0,29.11641693,8.175472069,22.40250397,22.75091553,118.0,6.271008015,361.0,23.0,138.0,5000.0,0.9,0.26,0.012,92.46244812,0.46,5.9,,,,4165.0,,,,119.5684662,1.012602806,0,0,0.0,0.0,0.0,0.0,0.0,0,0,0,0,0.0,0.0,0,0,0,0.0,0.0,0,0.0,0,0.0,,A15N12,0.0,0.0,0.0,0.0,141.3324127,26.4877224,17.20999908,35001.40625,,9/26/2022 21:00
85,9/27/2022 7:00,Rainy,Vụ 3-2022,A15,A15N12,Circle,nuôi 1,"one period, exchange water",834,MPNT,16.0,28.0,8.0,80.0,26.6414814,7.87443161,22.29066849,22.66672516,74.7,6.632129669,222.0,20.1,148.0,5000.0,0.1,0.4,0.013,93.72979736,0.35,3.6,,,,,,,,118.3549118,1.013287783,0,0,0.0,0.0,0.0,0.0,0.0,0,0,0,0,0.0,0.0,0,0,0,0.0,0.0,0,0.0,0,0.0,,A15N12,1.235,0.3705,7.79,0.665,144.0674133,27.80465698,17.21899986,34871.88672,35965.19922,9/27/2022 15:00
87,9/28/2022 7:00,Rainy,Vụ 3-2022,A15,A15N12,Circle,nuôi 1,"one period, exchange water",834,MPNT,17.0,29.0,14.0,60.0,27.89231491,8.168577194,21.20609665,21.65708351,84.9,6.654967308,274.0,18.0,146.0,5000.0,0.6,1.04,0.011,95.49460602,0.52,3.5,,,,7938.0,,,,121.9979477,1.012095213,0,0,0.0,0.0,0.0,0.0,0.0,0,0,0,0,0.0,0.0,0,0,0,0.0,0.0,0,0.0,0,0.0,,A15N12,0.0,0.0,0.0,0.0,146.3819733,28.4420433,17.22800064,33318.58984,35159.21875,9/28/2022 21:00
89,9/29/2022 7:00,Rainy,Vụ 3-2022,A15,A15N12,Circle,nuôi 1,"one period, exchange water",834,MPNT,18.0,30.0,14.0,80.0,27.04691505,8.012467384,21.7675705,22.181633,73.8,6.472954273,252.0,22.1,133.0,4500.0,0.8,1.61,0.021,91.84650421,0.46,3.3,,,,15222.0,,,,124.3892822,1.012773871,0,0,0.0,0.0,0.0,0.0,0.0,0,0,0,0,0.0,0.0,0,0,0,0.0,0.0,0,0.0,0,0.0,,A15N12,0.21,0.063,1.4,0.14,141.0512848,28.20097351,17.21899986,34125.58984,35459.76953,9/29/2022 21:00
90,9/30/2022 7:00,Rainy,Vụ 3-2022,A15,A15N12,Circle,nuôi 1,"one period, exchange water",834,MPNT,19.0,31.0,8.0,65.0,26.68391037,7.908529758,21.64535332,22.07209778,77.2,6.471045971,244.0,18.0,142.0,4500.0,0.0,2.38,0.0,91.18830109,1.38,3.75,,,,3112.0,,,,116.8981781,1.012791872,0,0,0.0,0.0,0.95,0.0,0.0,0,0,0,0,0.0,0.0,0,0,0,0.0,0.02,0,0.0,0,0.0,,A15N12,0.3,0.09,2.0,0.2,140.1484833,28.53130341,17.22800064,33957.07422,35049.22266,9/30/2022 15:00
91,9/30/2022 7:00,Rainy,Vụ 3-2022,A15,A15N12,Circle,nuôi 1,"one period, exchange water",834,MPNT,19.0,31.0,14.0,60.0,28.27579308,7.957799911,21.78503418,22.188591,84.9,6.195511341,281.0,18.0,146.0,4500.0,0.3,2.35,0.006,89.76733398,0.35,2.65,,,,7913.0,,,,134.9917603,1.012408257,0,0,0.0,0.0,0.0,0.0,0.0,0,0,0,0,0.0,0.0,0,0,0,0.0,0.0,0,0.0,0,0.0,,A15N12,0.24,0.072,1.6,0.16,137.4831696,27.56938553,17.22800064,34136.29297,36272.11719,9/30/2022 21:00
93,10/1/2022 7:00,Rainy,Vụ 3-2022,A15,A15N12,Circle,nuôi 1,"one period, exchange water",834,MPNT,20.0,32.0,14.0,70.0,30.1451931,8.1,21.33815193,21.76742744,118.0,6.822982788,332.0,19.1,150.0,4000.0,0.7,3.92,0.005,101.7281036,1.36,3.5,,,,25748.0,,,,121.3065338,1.011476636,0,0,0.0,0.0,0.0,0.0,0.0,0,0,0,0,0.0,0.0,0,0,0,0.0,0.0,0,0.0,0,0.0,,A15N12,0.3,0.09,2.0,0.2,155.1023865,27.18916512,17.20100021,33488.34766,36779.35547,10/1/2022 21:00
95,10/2/2022 7:00,Rainy,Vụ 3-2022,A15,A15N12,Circle,nuôi 1,"one period, exchange water",834,MPNT,21.0,33.0,14.0,60.0,30.24364853,8.203065872,22.30806732,22.65895081,95.9,6.164105415,301.0,17.0,144.0,4500.0,2.4,2.28,0.027,92.5448761,1.05,3.5,,,,26993.0,,,,113.1597748,1.012166381,0,0,0.0,0.0,0.0,0.0,0.0,0,0,0,0,0.0,0.0,0,0,0,0.0,0.0,0,0.0,0,0.0,,A15N12,0.36,0.108,2.4,0.24,141.0657654,26.07475281,17.22800064,34859.92188,38351.27344,10/2/2022 21:00
98,10/4/2022 7:00,Rainy,Vụ 3-2022,A15,A15N12,Circle,nuôi 1,"one period, exchange water",834,MPNT,23.0,35.0,8.0,60.0,28.01113129,7.804080009,22.4315567,22.78464508,74.7,5.989758968,244.0,18.0,150.0,4500.0,0.0,5.3,0.012,86.71235657,2.3,4.25,,,,2009.0,,,,114.8430023,1.012973905,0,0,0.0,0.0,0.0,0.0,0.0,0,0,0,0,0.0,0.0,0,0,0,0.0,0.0,0,0.0,0,0.0,,A15N12,0.69,0.207,4.6,0.46,132.8842621,26.97649384,17.21899986,35053.30078,37069.30859,10/4/2022 15:00
101,10/5/2022 7:00,Rainy,Vụ 3-2022,A15,A15N12,Circle,nuôi 1,"one period, exchange water",834,MPNT,24.0,36.0,14.0,100.0,29.94663048,7.98682642,23.156744,23.43662071,48.3,6.280167103,215.0,18.0,149.0,4500.0,2.3,5.2,0.027,94.26760101,1.3,2.9,,,,26993.0,,,,125.6147614,1.01289618,0,0,0.0,0.0,0.0,0.0,0.0,0,0,0,0,0.0,0.0,0,0,0,0.0,0.0,0,0.0,0,0.0,,A15N12,0.57,0.171,3.8,0.38,143.7993011,25.34021378,17.24600029,36056.33984,39462.96484,10/5/2022 21:00
102,10/6/2022 7:00,Rainy,Vụ 3-2022,A15,A15N12,Circle,nuôi 1,"one period, exchange water",834,MPNT,25.0,37.0,8.0,80.0,29.25681114,7.861250401,23.35456657,23.62077904,65.3,6.000712395,263.0,22.1,145.0,4500.0,1.8,4.08,0.026,89.15146637,1.49,3.2,,,543.6244767,15411.0,,,,87.72050476,1.013267994,0,0,0.0,0.95,0.0,0.0,0.0,0,0,0,0,0.03,0.0,0,0,0,0.0,0.23,0,0.0,0,0.0,,A15N12,0.63,0.189,4.2,0.42,136.2255096,25.44901085,17.24600029,36339.66016,39294.25781,10/6/2022 15:00
106,10/8/2022 7:00,Rainy,Vụ 3-2022,A15,A15N12,Circle,nuôi 1,"one period, exchange water",834,MPNT,27.0,39.0,8.0,80.0,28.18414497,7.673120975,23.94600677,24.16687393,71.3,5.905537605,303.0,19.8,171.0,4000.0,0.0,10.84,0.0,86.46820831,1.97,4.25,,,,15411.0,,,,111.0116196,1.014051557,0,0,0.0,0.0,0.0,0.0,0.0,0,0,0,0,0.0,0.0,0,0,0,0.0,0.0,0,0.0,0,0.0,,A15N12,0.75,0.225,5.0,0.5,132.4581299,25.35434341,17.21899986,37179.80469,39440.97266,10/8/2022 15:00
107,10/8/2022 7:00,Rainy,Vụ 3-2022,A15,A15N12,Circle,nuôi 1,"one period, exchange water",834,MPNT,27.0,39.0,14.0,80.0,28.06167984,7.650287628,24.99459076,27.81136131,41.5,5.837512493,190.0,28.4,155.0,4500.0,1.8,9.4,0.01,87.24417114,1.5,3.35,,,,15211.0,,,,84.17999268,1.017120004,0,0,0.0,0.0,0.0,0.0,0.0,0,0,0,0,0.0,0.0,0,0,0,0.0,0.0,0,0.0,0,0.0,,A15N12,0.75,0.225,5.0,0.5,133.6839905,22.08051872,17.21899986,42786.70703,45288.79297,10/8/2022 21:00
109,10/9/2022 7:00,Rainy,Vụ 3-2022,A15,A15N12,Circle,nuôi 1,"one period, exchange water",834,MPNT,28.0,40.0,14.0,80.0,29.16345406,7.985853672,22.68380165,23.00839615,63.6,6.377297401,198.0,25.1,139.0,4500.0,1.9,6.2,0.021,94.24969482,1.77,3.2,,,,25481.0,,,,95.25146484,1.012797594,0,0,0.0,0.0,0.0,0.0,0.0,0,0,0,0,0.0,0.0,0,0,0,0.0,0.0,0,0.0,0,0.0,,A15N12,0.75,0.225,5.0,0.5,144.0480652,26.16950607,17.20100021,35397.53125,38212.41406,10/9/2022 21:00
110,10/10/2022 7:00,Rainy,Vụ 3-2022,A15,A15N12,Circle,nuôi 1,"one period, exchange water",834,MPNT,29.0,41.0,8.0,80.0,26.91230202,7.82681036,21.73081398,22.14889717,36.3,6.270577431,190.0,35.5,136.0,4000.0,0.0,5.8,0.001,88.75228119,1.35,3.75,,,,12580.0,,,,96.83218384,1.012787104,0,0,0.0,0.95,0.0,0.0,0.0,0,0,0,0,0.23,0.0,0,0,0,0.0,0.03,0,0.0,0,0.0,,A15N12,0.84,0.252,5.6,0.56,136.338623,28.31271172,17.19199944,34075.22656,35319.82422,10/10/2022 15:00
111,10/10/2022 7:00,Rainy,Vụ 3-2022,A15,A15N12,Circle,nuôi 1,"one period, exchange water",834,MPNT,29.0,41.0,14.0,80.0,28.75650215,7.97223711,21.74886513,22.15235329,73.0,6.264930248,203.0,29.1,140.0,4500.0,2.6,6.6,0.02,91.48884583,1.63,3.2,,,,20841.0,,,,83.05397034,1.0122298,0,0,0.0,0.0,0.0,0.0,0.0,0,0,0,0,0.0,0.0,0,0,0,0.0,0.0,0,0.0,0,0.0,,A15N12,0.84,0.252,5.6,0.56,139.963623,27.37791061,17.18300056,34080.54297,36525.79688,10/10/2022 21:00
113,10/11/2022 7:00,Rainy,Vụ 3-2022,A15,A15N12,Circle,nuôi 1,"one period, exchange water",834,MPNT,30.0,42.0,14.0,80.0,28.90793228,7.917806149,21.32226753,21.75828552,47.4,6.156422138,223.0,17.0,148.0,4500.0,1.8,6.08,0.021,89.91913605,1.61,3.2,,,,8966.0,,,,106.6812592,1.011863589,0,0,0.0,0.0,0.0,0.0,0.0,0,0,0,0,0.0,0.0,0,0,0,0.0,0.0,0,0.0,0,0.0,,A15N12,0.84,0.245,5.53,0.56,137.5131378,27.79873848,17.19199944,33474.28516,35972.85547,10/11/2022 21:00
116,10/13/2022 7:00,Rainy,Vụ 3-2022,A15,A15N12,Circle,nuôi 1,"one period, exchange water",834,MPNT,32.0,44.0,8.0,70.0,27.83560944,7.815868855,19.98002243,20.52025986,44.9,5.951258183,228.0,18.0,147.0,3500.0,0.5,9.08,0.01,84.73357391,1.81,3.65,,,251.576117,7429.0,,,,99.89109802,1.011196852,0,0,0.0,0.0,0.0,0.0,0.0,0,0,0,0,0.23,0.0,0,0,0,0.0,0.03,0,0.07,0,0.0,,A15N12,1.08,0.315,7.11,0.72,129.9030914,30.04857826,17.18300056,31569.63086,33279.44531,10/13/2022 15:00
117,10/13/2022 7:00,Rainy,Vụ 3-2022,A15,A15N12,Circle,nuôi 1,"one period, exchange water",834,MPNT,32.0,44.0,14.0,70.0,30.27700233,7.772513866,20.21157646,20.72459602,44.0,5.572505951,270.0,17.0,150.0,4500.0,0.9,7.6,0.023,82.75105286,1.97,2.55,,,251.576117,10293.0,,,,120.2687302,1.010595083,0,0,0.0,0.0,0.0,0.0,0.0,0,0,0,0,0.0,0.0,0,0,0,0.0,0.0,0,0.0,0,0.0,,A15N12,1.08,0.315,7.11,0.72,126.1263885,28.49197197,17.19199944,31883.99414,35097.60547,10/13/2022 21:00
118,10/14/2022 7:00,Rainy,Vụ 3-2022,A15,A15N12,Circle,nuôi 1,"one period, exchange water",834,MPNT,33.0,45.0,8.0,80.0,27.44920349,7.732592106,20.29749489,20.81804848,47.0,5.944284916,281.0,25.1,187.0,4000.0,0.0,13.45,0.036,84.22918701,2.54,2.0,,,,12544.0,,,,116.263298,1.011552334,0,0,0.0,0.95,0.0,0.0,0.0,0,0,0,0,0.23,0.0,0,0,0,0.0,0.03,0,0.0,0,0.0,,A15N12,1.14,0.323,7.41,0.76,129.2403564,29.82758331,17.20100021,32027.76563,33526.01563,10/14/2022 15:00
121,10/15/2022 7:00,Rainy,Vụ 3-2022,A15,A15N12,Circle,nuôi 1,"one period, exchange water",834,MPNT,34.0,46.0,14.0,,,,,,,,292.0,16.0,159.0,4500.0,1.8,10.95,0.027,,1.73,2.7,,,,15393.0,,,,,,0,0,0.0,0.0,0.0,0.0,0.0,0,0,0,0,0.0,0.0,0,0,0,0.0,0.0,0,0.0,0,0.0,,A15N12,1.14,0.323,7.41,0.76,,,,,,10/15/2022 21:00
122,10/15/2022 7:00,Rainy,Vụ 3-2022,A15,A15N12,Circle,nuôi 1,"one period, exchange water",834,MPNT,34.0,46.0,17.0,70.0,28.99603844,7.759456635,20.01208687,20.543993,78.9,5.791009426,292.0,16.0,,,,,,84.64985657,,,,,,15393.0,,,,132.6164246,1.010858655,0,0,0.0,0.0,0.0,0.0,0.0,0,0,0,0,0.0,0.0,0,0,0,0.0,0.0,0,0.0,0,0.0,,A15N12,0.9,0.255,5.85,0.6,128.5783997,29.39580345,17.46199989,31606.14258,34018.46094,10/16/2022 0:00
125,10/18/2022 7:00,Rainy,Vụ 3-2022,A15,A15N12,Circle,nuôi 1,"one period, exchange water",834,MPNT,37.0,49.0,8.0,70.0,28.19185257,7.758543968,20.71422577,21.20002556,107.8,5.854664326,327.0,17.0,164.0,4500.0,0.0,12.7,0.006,84.20576477,2.32,4.2,,,,9288.0,,,,116.2919083,1.011634946,0,0,0.0,0.0,0.0,0.0,0.0,0,0,0,0,0.0,0.0,0,0,0,0.0,0.0,0,0.0,0,0.0,,A15N12,1.2,0.34,7.8,0.8,128.9900818,28.89855576,17.20100021,32615.42578,34603.80469,10/18/2022 15:00
130,10/21/2022 7:00,Rainy,Vụ 3-2022,A15,A15N12,Circle,nuôi 1,"one period, exchange water",834,MPNT,40.0,52.0,8.0,80.0,27.23064041,7.782240868,19.21203804,19.80727959,64.5,6.096984863,273.0,25.5,162.0,4000.0,0.0,13.0,0.018,85.54960632,6.25,1.75,,,,15226.0,,,,130.7210083,1.010807395,0,0,0.0,0.0,0.0,0.0,0.0,0,0,0,0,0.0,0.0,0,0,0,0.0,0.0,0,0.0,0,0.0,,A15N12,1.5,0.425,9.75,1.0,131.3289185,31.47520828,17.20100021,30472.73828,31771.03711,10/21/2022 15:00
131,10/21/2022 7:00,Rainy,Vụ 3-2022,A15,A15N12,Circle,nuôi 1,"one period, exchange water",834,MPNT,40.0,52.0,14.0,80.0,29.28360176,7.771214962,19.60865974,20.16711807,77.2,5.575468063,321.0,32.0,152.0,4000.0,2.9,12.45,0.014,81.17301178,2.37,2.2,,,,25844.0,,,,116.2275391,1.010466814,0,0,0.0,0.0,0.0,9.5,0.0,0,0,0,0,0.0,0.0,0,0,0,0.0,0.0,0,0.0,0,11.5,,A15N12,1.32,0.374,8.58,0.88,124.0262299,29.79310989,17.20100021,31026.33398,33564.80859,10/21/2022 21:00
136,10/24/2022 7:00,Rainy,Vụ 3-2022,A15,A15N12,Circle,nuôi 1,"one period, exchange water",834,MPNT,43.0,55.0,8.0,80.0,28.47404099,7.747450352,19.94583511,20.48486137,56.0,5.743190765,289.0,18.0,162.0,4500.0,1.12,7.5,0.16,82.64243317,3.5,1.35,,,,10293.0,,,,120.204361,1.010973454,0,0,0.0,0.0,0.0,0.0,0.0,0,0,0,0,0.0,0.0,0,0,0,0.0,0.0,0,0.0,0,0.0,,A15N12,1.705,0.5115,12.09,1.24,126.5132904,29.75629425,17.19199944,31515.17383,33606.33594,10/24/2022 15:00
139,10/25/2022 7:00,Rainy,Vụ 3-2022,A15,A15N12,Circle,nuôi 1,"one period, exchange water",834,MPNT,44.0,56.0,14.0,90.0,29.29426765,7.576348305,20.53062439,21.02418518,58.3,4.47302866,331.0,18.8,162.0,4500.0,0.98,6.6,0.12,65.46672058,3.3,1.74,,,,20741.0,,,,111.8001022,1.01115036,0,0,0.0,0.0,0.0,0.0,0.0,0,0,0,0,0.0,0.0,0,0,0,0.0,0.0,0,0.0,0,0.0,,A15N12,1.65,0.495,11.7,1.2,100.0256195,28.57318878,17.19199944,32344.89844,34997.84375,10/25/2022 21:00
144,10/28/2022 7:00,Rainy,Vụ 3-2022,A15,A15N12,Circle,nuôi 1,"one period, exchange water",834,MPNT,47.0,59.0,8.0,110.0,28.03662682,7.676782608,20.68169975,21.17082405,58.2,5.269861698,304.0,18.0,172.0,5000.0,0.75,7.4,0.041,75.58261871,4.3,3.1,,,,8935.0,,,,113.85289,1.011658788,0,0,0.0,0.0,0.0,2.5,0.0,0,0,0,0,0.0,0.0,0,0,12,0.0,0.0,0,0.0,0,3.0,,A15N12,1.7,0.544,13.26,1.36,115.8216095,29.01951027,17.19199944,32570.49805,34459.57422,10/28/2022 15:00
146,10/29/2022 7:00,Rainy,Vụ 3-2022,A15,A15N12,Circle,nuôi 1,"one period, exchange water",834,MPNT,48.0,60.0,8.0,90.0,28.216259,7.631095886,21.00593376,21.46994591,55.6,5.351865768,298.0,32.1,171.0,5000.0,0.48,6.1,0.042,77.13093567,4.2,3.6,,,,10244.0,,,,109.988121,1.011845112,0,0,0.0,0.0,0.0,0.0,0.0,1,0,0,1,0.0,0.0,0,0,0,0.0,0.0,0,0.0,0,0.0,,A15N12,1.7,0.544,13.26,1.36,118.1459961,28.5227108,17.21899986,33030.6875,35059.78125,10/29/2022 15:00
147,10/29/2022 7:00,Rainy,Vụ 3-2022,A15,A15N12,Circle,nuôi 1,"one period, exchange water",834,MPNT,48.0,60.0,14.0,80.0,28.72083092,7.659701824,21.00798035,21.46894646,58.3,4.950954437,319.0,30.2,173.0,4500.0,0.62,6.5,0.05,71.96112823,3.1,3.8,,,,12511.0,,,,119.5248642,1.011688471,0,0,0.0,0.0,0.0,0.0,0.0,0,0,0,0,0.0,0.0,0,0,0,0.0,0.0,0,0.0,0,0.0,,A15N12,1.5,0.48,11.7,1.2,110.0984879,28.26738739,17.22800064,33029.14844,35376.45703,10/29/2022 21:00
148,10/30/2022 7:00,Rainy,Vụ 3-2022,A15,A15N12,Circle,nuôi 1,"one period, exchange water",834,MPNT,49.0,61.0,8.0,100.0,27.85119438,7.677733421,21.07766724,21.53863335,61.2,5.0998559,301.0,16.0,172.0,4500.0,0.42,5.8,0.05,73.0765152,3.4,4.2,,,,9526.0,,,,112.1601105,1.012012005,0,0,0.0,0.0,0.0,5.0,0.0,0,0,0,0,0.0,0.0,0,0,12,0.0,0.0,0,0.0,0,4.5,,A15N12,0.0,0.0,0.0,0.0,112.0280228,28.61976242,17.18300056,33136.35938,34940.89063,10/30/2022 15:00
149,10/30/2022 7:00,Rainy,Vụ 3-2022,A15,A15N12,Circle,nuôi 1,"one period, exchange water",834,MPNT,49.0,61.0,14.0,60.0,29.24982262,7.741345406,21.09267807,21.54457283,62.3,5.192391872,320.0,17.0,175.0,5000.0,0.58,6.2,0.048,76.175354,3.3,4.0,,,,12826.0,,,,116.4206543,1.011583447,0,0,0.0,0.0,0.0,0.0,0.0,0,0,0,0,0.0,0.0,0,0,0,0.0,0.0,0,0.0,0,0.0,,A15N12,1.25,0.4,9.75,1.0,116.3996658,27.90492439,17.19199944,33145.49609,35835.96875,10/30/2022 21:00
150,10/31/2022 7:00,Rainy,Vụ 3-2022,A15,A15N12,Circle,nuôi 1,"one period, exchange water",834,MPNT,50.0,62.0,8.0,80.0,28.28584862,7.693176746,21.36767197,21.80376434,70.5,5.713324547,380.0,20.4,180.0,5000.0,0.9,7.8,0.149,82.60289764,4.2,5.2,,,,12088.0,,,,116.1822357,1.012093425,0,0,0.0,0.0,0.0,0.0,0.0,1,0,0,1,0.0,0.0,0,0,0,0.0,0.0,0,0.0,0,0.0,,A15N12,1.55,0.496,12.09,1.24,126.5075684,28.05089569,17.20100021,33544.25391,35649.48438,10/31/2022 15:00
151,10/31/2022 7:00,Rainy,Vụ 3-2022,A15,A15N12,Circle,nuôi 1,"one period, exchange water",834,MPNT,50.0,62.0,14.0,90.0,30.0536232,7.707141399,21.61439514,22.02232361,65.3,4.986633301,369.0,18.5,182.0,4500.0,0.86,8.2,0.132,74.34959412,5.1,5.8,,,,25117.0,,,,95.2467041,1.011712193,0,0,0.0,0.0,0.0,0.0,0.0,0,0,0,0,0.0,0.0,0,0,0,0.0,0.0,0,0.0,0,0.0,,A15N12,1.0,0.32,7.8,0.8,113.3852005,26.9173317,17.18300056,33880.49609,37150.78516,10/31/2022 21:00
152,11/1/2022 7:00,Dry,Vụ 3-2022,A15,A15N12,Circle,nuôi 1,"one period, exchange water",834,MPNT,51.0,63.0,8.0,90.0,29.28316116,7.693403721,20.8450222,21.33553505,55.4,5.503276825,370.0,17.0,179.0,4500.0,1.2,7.5,0.122,76.67120361,5.4,4.5,,,,11059.0,,,,118.9788818,1.012312055,0,0,0.0,0.0,0.0,5.0,0.0,0,0,0,0,0.0,0.0,0,0,12,0.0,0.0,0,0.0,0,4.5,,A15N12,1.55,0.496,12.09,1.24,117.9353104,29.73680687,17.18300056,32823.89844,33628.35938,11/1/2022 15:00
153,11/1/2022 7:00,Dry,Vụ 3-2022,A15,A15N12,Circle,nuôi 1,"one period, exchange water",834,MPNT,51.0,63.0,14.0,80.0,29.79164979,7.651447997,20.16464998,36.56369115,62.1,6.197579942,355.0,16.9,177.0,4500.0,1.08,8.4,0.11,80.55631789,6.2,5.8,,,,20144.0,,,,26.19767998,1.021979979,0,0,0.0,0.0,0.0,0.0,0.0,0,0,0,0,0.0,0.0,0,0,0,0.0,0.0,0,0.0,0,0.0,,A15N12,1.35,0.432,10.53,1.08,89.56895984,32.19497998,17.21147999,38941.46488,,11/1/2022 21:00
154,11/2/2022 7:00,Dry,Vụ 3-2022,A15,A15N12,Circle,nuôi 1,"one period, exchange water",834,MPNT,52.0,64.0,8.0,90.0,28.27179909,7.697054863,20.88476372,21.37248421,59.7,5.521371841,298.0,16.0,182.0,4500.0,1.4,7.8,0.14,76.92536163,5.6,5.4,,,,10585.0,,,,119.0313416,1.012345195,0,0,0.0,0.0,0.0,0.0,0.0,1,0,0,1,0.0,0.0,0,0,0,0.0,0.0,0,0.0,0,0.0,,A15N12,1.55,0.496,12.09,1.24,118.3290405,29.69168663,17.20999908,32880.74219,33679.46094,11/2/2022 15:00
155,11/2/2022 7:00,Dry,Vụ 3-2022,A15,A15N12,Circle,nuôi 1,"one period, exchange water",834,MPNT,52.0,64.0,14.0,80.0,29.14467696,7.515979641,20.84447961,35.91964679,64.9,6.291942311,345.0,18.5,184.0,4500.0,1.22,7.2,0.19,80.56464998,6.3,6.1,,,,20544.0,,,,36.29197912,1.025194947,0,0,0.0,0.0,0.0,0.0,0.0,0,0,0,0,0.0,0.0,0,0,0,0.0,0.0,0,0.0,0,0.0,,A15N12,1.35,0.432,10.53,1.08,102.197695,47.21194949,17.21446766,38852.48768,,11/2/2022 21:00
156,11/3/2022 7:00,Dry,Vụ 3-2022,A15,A15N12,Circle,nuôi 1,"one period, exchange water",834,MPNT,53.0,65.0,8.0,100.0,26.08112717,7.713890553,20.92396927,18.60460472,45.7,5.819190979,311.0,18.2,184.0,4500.0,1.8,8.6,0.122,79.46805573,5.8,6.4,,,,7056.0,531.0,420.0,,118.5449677,1.010184288,0,0,0.0,0.0,0.0,0.0,0.0,1,0,0,1,0.0,0.0,0,0,0,0.0,0.0,0,0.0,0,0.0,,A15N12,1.55,0.496,12.09,1.24,122.2880478,34.23073959,17.19199944,28622.46875,29213.50977,11/3/2022 15:00
157,11/3/2022 7:00,Dry,Vụ 3-2022,A15,A15N12,Circle,nuôi 1,"one period, exchange water",834,MPNT,53.0,65.0,14.0,90.0,26.90828323,7.728241444,21.31575394,21.76582146,50.4,5.379343033,355.0,16.8,184.0,5000.0,2.0,8.1,0.16,75.95546722,5.4,5.8,,,,8995.0,,,,113.0303421,1.012477756,0,0,0.0,0.0,0.0,0.0,0.0,0,0,0,0,0.0,0.0,0,0,0,0.0,0.0,0,0.0,0,0.0,,A15N12,1.0,0.32,7.8,0.8,116.6815109,28.81314659,17.20100021,33485.87891,34706.37891,11/3/2022 21:00
158,11/4/2022 7:00,Dry,Vụ 3-2022,A15,A15N12,Circle,nuôi 1,"one period, exchange water",834,MPNT,54.0,66.0,8.0,90.0,26.37074661,7.737209797,21.80607224,22.22322655,55.4,6.133782864,304.0,18.8,180.0,5000.0,1.5,7.6,0.14,86.0493927,6.2,5.4,,,,10211.0,571.0,411.0,1268.0,117.5769806,1.013005853,0,0,0.0,0.0,0.0,0.0,0.0,0,0,0,0,0.0,0.0,0,0,0,0.0,0.0,0,0.0,0,0.0,,A15N12,1.55,0.496,12.09,1.24,132.3368988,28.50245094,17.20100021,34189.57813,35084.70313,11/4/2022 15:00
159,11/4/2022 7:00,Dry,Vụ 3-2022,A15,A15N12,Circle,nuôi 1,"one period, exchange water",834,MPNT,54.0,66.0,14.0,80.0,28.21511078,7.856204033,21.86664963,22.26411819,60.2,5.955021381,345.0,22.1,182.0,5000.0,2.1,7.4,0.2,86.23410797,5.8,4.2,,,,25699.0,,,,116.637619,1.012488127,0,0,0.0,0.0,0.0,0.0,0.0,0,0,0,0,0.0,0.0,0,0,0,0.0,0.0,0,0.0,0,0.0,,A15N12,0.7,0.224,5.46,0.56,132.0901947,27.50586128,17.19199944,34252.48828,36355.88672,11/4/2022 21:00
160,11/5/2022 7:00,Dry,Vụ 3-2022,A15,A15N12,Circle,nuôi 1,"one period, exchange water",834,MPNT,55.0,67.0,8.0,80.0,26.76465416,7.748463631,21.04821777,21.51957321,59.6,6.019744396,311.0,22.8,179.0,5000.0,2.0,7.5,0.11,84.66142273,6.4,6.2,,,,12574.0,583.0,310.0,1159.0,113.7026825,1.012320638,0,0,0.0,0.0,0.0,0.0,0.0,1,0,0,1,0.0,0.0,0,0,0,0.0,0.0,0,0.0,0,0.0,,A15N12,1.55,0.496,12.09,1.24,130.095108,29.22019768,17.20999908,33107.03516,34222.90234,11/5/2022 15:00
161,11/5/2022 7:00,Dry,Vụ 3-2022,A15,A15N12,Circle,nuôi 1,"one period, exchange water",834,MPNT,55.0,67.0,14.0,80.0,28.13644791,8.301038742,21.81709671,28.54140282,62.4,6.223152637,311.0,18.5,180.0,5000.0,1.8,6.8,0.085,93.55125427,5.6,5.8,,,,23651.0,,,,137.5469208,1.017712235,0,0,0.0,0.0,0.0,0.0,0.0,0,0,0,0,0.0,0.0,0,0,0,0.0,0.0,0,0.0,0,0.0,,A15N12,1.35,0.432,10.53,1.08,143.3240204,21.48674583,17.22800064,43909.85156,46540.32031,11/5/2022 21:00
162,11/6/2022 7:00,Dry,Vụ 3-2022,A15,A15N12,Circle,nuôi 1,"one period, exchange water",834,MPNT,56.0,68.0,,,,,,,,,309.0,18.7,182.0,5000.0,1.84,6.4,0.14,,5.5,6.4,,,,10274.0,552.0,345.0,1241.0,,,0,0,0.0,0.0,0.0,0.0,0.0,0,0,0,0,0.0,0.0,0,0,0,0.0,0.0,0,0.0,0,0.0,,A15N12,0.0,0.0,0.0,0.0,,,,,,11/6/2022 7:00
163,11/6/2022 7:00,Dry,Vụ 3-2022,A15,A15N12,Circle,nuôi 1,"one period, exchange water",834,MPNT,56.0,68.0,14.0,70.0,29.21651649,7.694617748,21.43574333,21.86139297,63.7,5.144981861,346.0,18.5,179.0,5000.0,1.75,7.2,0.12,75.58107758,5.2,5.2,,,,25411.0,,,,114.890007,1.011849761,0,0,0.0,0.0,0.0,0.0,0.0,0,0,0,0,0.0,0.0,0,0,0,0.0,0.0,0,0.0,0,0.0,,A15N12,1.0,0.32,7.8,0.8,115.5008545,27.51671028,17.20100021,33632.91406,36341.55469,11/6/2022 21:00
164,11/7/2022 7:00,Dry,Vụ 3-2022,A15,A15N12,Circle,nuôi 1,"one period, exchange water",834,MPNT,57.0,69.0,8.0,80.0,27.02158356,7.891546249,21.31801605,28.11181068,62.7,6.032366848,319.0,19.4,178.0,5000.0,1.5,7.8,0.11,87.29151154,5.4,5.8,,,,10744.0,512.0,334.0,1230.0,88.62104797,1.017689943,0,0,0.19,0.0,0.0,0.0,0.0,0,0,0,0,0.23,0.0,0,0,0,0.0,0.03,0,0.0,0,0.0,,A15N12,1.0,0.32,7.8,0.8,134.063324,22.2623558,17.19199944,43248.9375,44918.875,11/7/2022 15:00
165,11/7/2022 7:00,Dry,Vụ 3-2022,A15,A15N12,Circle,nuôi 1,"one period, exchange water",834,MPNT,57.0,69.0,14.0,80.0,29.13467992,7.532194346,23.19346191,31.75494646,66.5,5.261978118,337.0,18.9,179.0,5000.0,1.8,8.1,0.09,74.76166499,5.6,4.9,,,,21231.0,,,,33.11379978,1.023191214,0,0,0.0,0.0,0.0,0.0,0.0,0,0,0,0,0.0,0.0,0,0,0,0.0,0.0,0,0.0,0,0.0,,A15N12,1.0,0.32,7.8,0.8,55.13469792,25.13194984,17.21319785,32913.23196,,11/7/2022 21:00
166,11/8/2022 7:00,Dry,Vụ 3-2022,A15,A15N12,Circle,nuôi 1,"one period, exchange water",834,MPNT,58.0,70.0,8.0,100.0,28.09545326,7.772377491,23.59512138,23.84807014,55.9,5.709526062,322.0,15.8,180.0,5000.0,1.6,8.6,0.12,83.31111145,5.8,5.6,,,54.74956079,9556.0,527.0,332.0,1180.0,105.498703,1.013817191,0,0,0.19,0.0,0.0,0.0,0.0,0,0,0,0,0.23,0.0,0,0,0,0.0,0.03,0,0.0,0,0.0,,A15N12,1.0,0.32,7.8,0.8,127.6475983,25.73438072,17.19199944,36689.33594,38858.52344,11/8/2022 15:00
167,11/8/2022 7:00,Dry,Vụ 3-2022,A15,A15N12,Circle,nuôi 1,"one period, exchange water",834,MPNT,58.0,70.0,14.0,90.0,29.88463211,7.721657276,23.63526154,23.87307358,60.7,4.659134388,347.0,16.0,179.0,4500.0,0.85,7.5,0.085,70.04837799,6.2,5.8,,,54.74956079,26993.0,,,,99.61453247,1.013273239,0,0,0.0,0.0,0.0,0.0,0.0,0,0,0,0,0.0,0.0,0,0,0,0.0,0.0,0,0.0,0,0.0,,A15N12,1.0,0.32,7.8,0.8,106.8709335,24.90388107,17.20100021,36727.80469,40154.38281,11/8/2022 21:00
168,11/9/2022 7:00,Dry,Vụ 3-2022,A15,A15N12,Circle,nuôi 1,"one period, exchange water",834,MPNT,59.0,71.0,8.0,80.0,28.02957344,7.739691734,23.73829842,23.97904396,55.6,5.783731937,309.0,22.1,182.0,5000.0,1.5,7.8,0.079,84.36791229,6.4,4.8,,,,10211.0,582.0,365.0,1161.0,91.48445129,1.013944864,0,0,0.0,0.0,0.0,0.0,0.0,1,0,0,1,0.0,0.0,0,0,0,0.0,0.0,0,0.0,0,0.0,,A15N12,1.0,0.32,7.8,0.8,129.2861023,25.62425804,17.18300056,36890.83594,39025.51953,11/9/2022 15:00
169,11/9/2022 7:00,Dry,Vụ 3-2022,A15,A15N12,Circle,nuôi 1,"one period, exchange water",834,MPNT,59.0,71.0,14.0,80.0,29.13569195,7.561976611,21.46461942,35.43769429,62.5,5.619737271,338.0,30.6,180.0,5000.0,1.7,8.0,0.086,80.49734661,5.9,5.4,,,,25411.0,,,,44.14661946,1.023194997,0,0,0.0,0.0,0.0,0.0,0.0,0,0,0,0,0.0,0.0,0,0,0,0.0,0.0,0,0.0,0,0.0,,A15N12,1.0,0.32,7.8,0.8,102.1876647,30.83261612,17.2137695,38521.1947,,11/9/2022 21:00
170,11/10/2022 7:00,Dry,Vụ 3-2022,A15,A15N12,Circle,nuôi 1,"one period, exchange water",834,MPNT,60.0,72.0,8.0,100.0,30.49658775,7.828379822,24.32180023,24.49373436,66.2,4.77994709,315.0,16.2,180.0,5000.0,1.4,7.5,0.088,73.91028595,6.6,5.7,,,,9437.0,602.0,448.0,1168.0,102.8069534,1.013582587,0,0,0.0,0.0,0.0,0.0,0.0,0,0,0,0,0.0,0.0,0,0,0,0.0,0.0,0,0.0,1,0.0,,A15N12,1.1,0.352,8.58,0.88,115.6349411,24.01607704,17.21899986,37682.66797,41638.77344,11/10/2022 15:00
171,11/10/2022 7:00,Dry,Vụ 3-2022,A15,A15N12,Circle,nuôi 1,"one period, exchange water",834,MPNT,60.0,72.0,14.0,90.0,30.58535767,7.614793301,24.32279778,24.4942379,70.1,4.856173038,385.0,16.6,179.0,5000.0,1.8,7.9,0.095,74.13101196,5.88,6.2,,,,26993.0,,,,109.8784485,1.013553739,0,0,0.0,0.0,0.0,0.0,0.0,0,0,0,0,0.0,0.0,0,0,0,0.0,0.0,0,0.0,0,0.0,,A15N12,1.1,0.352,8.58,0.88,112.8986893,23.97879219,17.19199944,37683.44141,41703.51953,11/10/2022 21:00
172,11/11/2022 7:00,Dry,Vụ 3-2022,A15,A15N12,Circle,nuôi 1,"one period, exchange water",834,MPNT,61.0,73.0,8.0,80.0,26.19769911,7.588761979,23.18722195,32.14867611,55.9,6.213739791,289.0,18.2,177.0,5000.0,1.6,8.2,0.1,80.11048517,5.6,6.8,,,57.5058724,10266.0,536.0,326.0,1273.0,32.44867645,1.023119799,0,0,0.0,0.0,0.0,0.0,0.0,1,0,0,1,0.0,0.0,0,0,0,0.0,0.0,0,0.0,0,0.0,,A15N12,1.2,0.384,9.36,0.96,82.15764664,33.14725791,17.2113198,38226.64619,,11/11/2022 15:00
173,11/11/2022 7:00,Dry,Vụ 3-2022,A15,A15N12,Circle,nuôi 1,"one period, exchange water",834,MPNT,61.0,73.0,14.0,80.0,29.21179763,8.151976499,21.10466145,25.18361056,63.9,6.221447331,358.0,18.8,178.0,5000.0,1.3,8.6,0.12,78.53182199,5.9,7.2,,,60.09567795,20511.0,,,,36.25913799,1.031117867,0,0,0.0,0.0,0.0,0.0,0.0,0,0,0,0,0.0,0.0,0,0,0,0.0,0.0,0,0.0,0,0.0,,A15N12,1.2,0.384,9.36,0.96,42.19764665,34.16739915,,38554.04914,,11/11/2022 21:00
174,11/12/2022 7:00,Dry,Vụ 3-2022,A15,A15N12,Circle,nuôi 1,"one period, exchange water",834,MPNT,62.0,74.0,8.0,60.0,27.74675941,7.629219532,24.46203041,24.63940048,55.4,5.520230293,277.0,16.3,177.0,5000.0,1.2,7.8,0.08,80.46697998,6.2,6.4,,,,9363.0,555.0,311.0,1271.0,97.68811035,1.014574528,0,0,0.0,0.0,0.0,0.0,0.0,1,0,0,0,0.0,0.0,0,0,0,1.6,0.0,0,0.0,0,0.0,,A15N12,0.0,0.0,0.0,0.0,123.3865128,25.06550026,17.21899986,37906.76953,39895.47266,11/12/2022 15:00
175,11/12/2022 7:00,Dry,Vụ 3-2022,A15,A15N12,Circle,nuôi 1,"one period, exchange water",834,MPNT,62.0,74.0,14.0,80.0,29.13959615,7.561319493,23.19463165,45.13194911,60.1,6.213391711,346.0,18.2,175.0,5000.0,0.99,8.1,0.095,68.46194949,5.8,6.5,,,,24021.0,,,,32.19764995,1.023197651,0,0,0.0,0.0,0.0,0.0,0.0,0,0,0,0,0.0,0.0,0,0,0,0.0,0.0,0,0.0,0,0.0,,A15N12,0.95,0.304,7.41,0.76,77.44619788,17.21339198,17.22143469,36211.1333,,11/12/2022 21:00
176,11/13/2022 7:00,Dry,Vụ 3-2022,A15,A15N12,Circle,nuôi 1,"one period, exchange water",834,MPNT,63.0,75.0,8.0,110.0,28.26648712,7.622878075,25.28211403,25.37714005,45.9,5.417555332,305.0,16.0,178.0,5000.0,1.0,8.4,0.11,80.02561188,6.4,7.1,,,52.6034053,8253.0,572.0,308.0,1273.0,93.33696747,1.015024543,0,0,0.0,0.0,0.0,0.0,0.0,1,0,0,1,0.0,0.0,0,0,0,0.0,0.0,0,0.0,0,0.0,,A15N12,0.95,0.304,7.41,0.76,122.5658493,24.10942078,17.19199944,39041.75391,41477.5625,11/13/2022 15:00
177,11/13/2022 7:00,Dry,Vụ 3-2022,A15,A15N12,Circle,nuôi 1,"one period, exchange water",834,MPNT,63.0,75.0,14.0,100.0,29.27737999,7.608430862,25.28975487,25.37615967,60.7,5.075513363,355.0,15.4,178.0,5000.0,0.95,7.7,0.13,76.24301147,5.9,6.9,,,55.07492818,10452.0,,,,102.7854919,1.014705658,0,0,0.0,0.0,0.0,0.0,0.0,0,0,0,0,0.0,0.0,0,0,0,0.0,0.0,0,0.0,0,0.0,,A15N12,0.95,0.304,7.41,0.76,116.4953079,23.67998695,17.18300056,39040.24609,42229.75391,11/13/2022 21:00
178,10/7/2022 7:00,Rainy,Vụ 3-2022,A16,A16N12,Circle,Vèo 1,"one period, exchange water",834,MPNT,7.0,19.0,8.0,80.0,28.0,8.2,24.0,24.65280914,4.9,6.312861919,105.0,50.0,173.0,4000.0,0.4,0.77,0.007,92.86331177,0.59,2.8,,,,12511.0,,,,124.6205521,1.014420629,0,0,0.0,0.0,0.0,0.0,0.0,0,0,0,0,0.0,0.0,0,0,0,0.0,0.0,0,0.0,0,0.0,, A16D6=N12,0.06,0.018,0.4,0.03,142.2221527,24.80995369,17.22800064,37927.39844,40306.40234,10/7/2022 15:00
179,10/7/2022 7:00,Rainy,Vụ 3-2022,A16,A16N12,Circle,Vèo 1,"one period, exchange water",834,MPNT,7.0,19.0,14.0,80.0,30.23266411,7.922812462,24.57931519,24.72829819,11.7,6.062672138,95.0,50.0,176.0,4500.0,0.0,0.5,0.0,92.14784241,0.38,3.4,,,,25184.0,,,,118.3644485,1.013862133,0,0,0.0,0.0,0.0,0.0,0.0,0,0,0,0,0.0,0.0,0,0,0,0.0,0.0,0,0.0,0,0.0,, A16D6=N12,0.06,0.018,0.4,0.03,140.4644928,23.89728737,17.23699951,38043.53516,41845.75391,10/7/2022 21:00
180,10/8/2022 7:00,Rainy,Vụ 3-2022,A16,A16N12,Circle,Vèo 1,"one period, exchange water",834,MPNT,8.0,20.0,8.0,90.0,28.50142097,7.971367836,25.58004189,25.64393234,15.1,6.243212223,132.0,50.0,173.0,4500.0,0.0,0.82,0.0,92.73672485,0.69,4.95,,,,15211.0,,,,117.2963333,1.015172601,0,0,0.0,0.0,0.0,0.0,0.0,0,0,0,0,0.0,0.0,0,0,0,0.0,0.0,0,0.0,0,0.0,, A16D6=N12,0.072,0.0216,0.48,0.036,141.9571381,23.75824356,17.20999908,39452.20313,42090.65234,10/8/2022 15:00
182,10/9/2022 7:00,Rainy,Vụ 3-2022,A16,A16N12,Circle,Vèo 1,"one period, exchange water",834,MPNT,9.0,21.0,8.0,80.0,27.31028938,8.093518257,25.69017983,29.32448959,22.8,6.327687263,129.0,50.0,165.0,4000.0,0.0,1.73,0.003,94.28340912,0.67,3.9,,,,12411.0,,,,107.0920181,1.018629551,0,0,0.0,0.0,0.0,0.0,0.0,0,0,0,0,0.0,0.0,0,0,0,0.0,0.0,0,0.0,0,0.0,, A16D6=N12,0.078,0.0234,0.52,0.039,144.7113342,21.22901154,17.20999908,45114.59766,47105.34766,10/9/2022 15:00
184,10/10/2022 7:00,Rainy,Vụ 3-2022,A16,A16N12,Circle,Vèo 1,"one period, exchange water",834,MPNT,10.0,22.0,8.0,80.0,27.35262871,8.237530708,22.80396652,23.1312809,13.4,6.597434998,113.0,42.1,172.0,4000.0,0.0,1.82,0.003,94.64939117,0.97,4.05,,,,12369.0,,,,98.72522736,1.013456106,0,0,0.0,0.0,0.0,0.0,0.0,0,0,0,0,0.0,0.0,0,0,0,0.0,0.0,0,0.0,0,0.0,, A16D6=N12,0.072,0.0216,0.48,0.036,145.2596741,26.89207458,17.18300056,35586.58594,37185.67578,10/10/2022 15:00
185,10/10/2022 7:00,Rainy,Vụ 3-2022,A16,A16N12,Circle,Vèo 1,"one period, exchange water",834,MPNT,10.0,22.0,14.0,80.0,29.04132843,8.230834007,22.914114,23.21983337,30.4,6.288599968,81.0,45.1,176.0,4500.0,0.0,2.21,0.013,92.86894226,0.85,3.85,,,,20844.0,,,,84.65138245,1.013008595,0,0,0.0,0.0,0.0,0.0,0.0,0,0,0,0,0.0,0.0,0,0,0,0.0,0.0,0,0.0,0,0.0,, A16D6=N12,0.084,0.0252,0.56,0.042,141.9792633,25.98736191,17.20100021,35722.82031,38480.24219,10/10/2022 21:00
187,10/11/2022 7:00,Rainy,Vụ 3-2022,A16,A16N12,Circle,Vèo 1,"one period, exchange water",834,MPNT,11.0,23.0,14.0,80.0,29.1398201,8.140485764,22.71759033,23.03946304,21.1,6.316843987,92.0,41.0,169.0,4500.0,0.1,2.15,0.014,93.33724976,0.77,4.2,,,,8593.0,,,,111.7595673,1.012830377,0,0,0.0,0.0,0.0,0.0,0.0,0,0,0,0,0.0,0.0,0,0,0,0.0,0.0,0,0.0,0,0.0,, A16D6=N12,0.096,0.0288,0.64,0.048,142.6616058,26.14514923,17.20100021,35445.32813,38248.01172,10/11/2022 21:00
191,10/13/2022 7:00,Rainy,Vụ 3-2022,A16,A16N12,Circle,Vèo 1,"one period, exchange water",834,MPNT,13.0,25.0,14.0,80.0,29.8431797,8.115343094,21.18370056,21.62607002,16.0,6.260225296,76.0,40.0,163.0,4000.0,0.1,2.29,0.016,92.79521179,1.07,2.55,,,,14393.0,,,,116.2394562,1.011460066,0,0,0.0,0.0,0.0,0.0,0.0,0,0,0,0,0.0,0.0,0,0,0,0.0,0.0,0,0.0,0,0.0,, A16D6=N12,0.108,0.0324,0.72,0.054,141.5897827,27.51138306,17.21899986,33270.875,36348.58984,10/13/2022 21:00
193,10/14/2022 7:00,Rainy,Vụ 3-2022,A16,A16N12,Circle,Vèo 1,"one period, exchange water",834,MPNT,14.0,26.0,14.0,80.0,29.55981827,8.362565041,23.2406044,23.51511383,20.2,6.336160183,68.0,50.0,159.0,4500.0,0.5,0.55,0.013,94.54812622,0.13,3.65,,,,20114.0,,,,105.3580322,1.013084888,0,0,0.0,0.0,0.0,0.0,0.0,0,0,0,0,0.0,0.0,0,0,0,0.0,0.0,0,0.0,0,0.0,, A16D6=N12,0.0,0.0,0.0,0.0,144.3653717,25.4272728,17.18300056,36177.09766,39327.85156,10/14/2022 21:00
195,10/15/2022 7:00,Rainy,Vụ 3-2022,A16,A16N12,Circle,Nuôi 1,"one period, exchange water",834,MPNT,15.0,27.0,14.0,80.0,27.35262871,8.237530708,22.80396652,23.1312809,13.4,6.597434998,110.0,35.0,163.0,4500.0,0.0,0.97,0.027,,0.55,3.3,,,,10369.0,,,,,,0,0,0.0,0.0,0.0,0.0,0.0,0,0,0,0,0.0,0.0,0,0,0,0.0,0.0,0,0.0,0,0.0,, A16D6=N12,0.0,0.0,0.0,0.0,,,,,,10/15/2022 21:00
196,10/15/2022 7:00,Rainy,Vụ 3-2022,A16,A16N12,Circle,Nuôi 1,"one period, exchange water",834,MPNT,15.0,27.0,17.0,40.0,30.34424019,8.176801872,23.31713104,23.58110619,23.6,6.354458332,110.0,35.0,,,,,,96.72766113,,,,,,10369.0,,,,130.2894592,1.012884736,0,0,0.0,0.0,0.0,0.0,0.0,0,0,0,0,0.0,0.0,0,0,0,0.0,0.0,0,0.0,0,0.0,, A16D6=N12,0.0,0.0,0.0,0.0,146.4332428,25.01140213,17.46199989,36278.625,39981.76563,10/16/2022 0:00
197,10/17/2022 7:00,Rainy,Vụ 3-2022,A16,A16N12,Circle,Nuôi 1,"one period, exchange water",834,MPNT,17.0,29.0,8.0,80.0,28.5952034,8.225448608,23.72082329,23.95884132,21.9,6.665173054,153.0,25.1,149.0,4500.0,0.0,0.98,0.004,98.14027405,1.02,2.85,,,,15223.0,,,,108.6243668,1.013753176,0,0,0.0,0.0,0.0,0.0,0.0,0,0,0,0,0.0,0.0,0,0,0,0.0,0.0,0,0.0,0,0.0,, A16D6=N12,0.168,0.0504,1.12,0.084,150.1959076,25.38660622,17.20999908,36859.75391,39390.85156,10/17/2022 15:00
198,10/17/2022 7:00,Rainy,Vụ 3-2022,A16,A16N12,Circle,Nuôi 1,"one period, exchange water",834,MPNT,17.0,29.0,14.0,80.0,30.71747589,8.502856255,23.87080002,24.08345795,57.7,6.356717587,247.0,22.3,146.0,4500.0,0.0,1.07,0.006,97.00549316,0.41,3.15,,,,25632.0,,,,102.4302521,1.013172984,0,0,0.0,0.0,0.0,0.0,0.0,0,0,0,0,0.0,0.0,0,0,0,0.0,0.0,0,0.0,0,0.0,, A16D6=N12,0.15,0.045,1.0,0.075,147.6850433,24.33230019,17.19199944,37051.47266,41097.63672,10/17/2022 21:00
201,10/19/2022 7:00,Rainy,Vụ 3-2022,A16,A16N12,Circle,Nuôi 1,"one period, exchange water",834,MPNT,19.0,31.0,14.0,80.0,27.43440056,8.111948013,19.638731,20.20467567,73.0,6.662319183,171.0,25.0,165.0,4500.0,0.2,0.22,0.014,94.03265381,0.93,2.1,,,,10251.0,,,,135.0959778,1.011064529,0,0,0.0,0.0,0.0,0.0,0.0,0,0,0,0,0.0,0.0,0,0,0,0.0,0.0,0,0.0,0,0.0,, A16D6=N12,0.144,0.0432,0.96,0.084,144.2873688,30.74139023,17.18300056,31084.11328,32529.43359,10/19/2022 21:00
206,10/22/2022 7:00,Rainy,Vụ 3-2022,A16,A16N12,Circle,Nuôi 1,"one period, exchange water",834,MPNT,22.0,34.0,8.0,80.0,28.23504066,8.046595573,20.9720726,21.43850899,55.4,6.698073864,166.0,26.0,160.0,4000.0,0.0,0.45,0.04,96.54489899,0.47,2.45,,,,8393.0,,,,122.3405914,1.011813998,0,0,0.0,0.0,0.0,0.0,0.0,0,0,0,0,0.0,0.0,0,0,0,0.0,0.0,0,0.0,0,0.0,, A16D6=N12,0.36,0.108,2.4,0.21,147.8771515,28.55488777,17.20100021,32982.32031,35020.27344,10/22/2022 15:00
207,10/22/2022 7:00,Rainy,Vụ 3-2022,A16,A16N12,Circle,Nuôi 1,"one period, exchange water",834,MPNT,22.0,34.0,14.0,70.0,29.76384926,8.028660774,19.79592323,20.33981323,47.8,6.47484684,225.0,27.0,157.0,4000.0,0.0,0.5,0.01,95.12122345,0.98,3.12,,,,17526.0,,,,112.1624985,1.01045239,0,0,0.0,0.0,0.0,0.0,0.0,0,0,0,0,0.0,0.0,0,0,0,0.0,0.0,0,0.0,0,0.0,, A16D6=N12,0.36,0.108,2.4,0.21,145.1674347,29.29178429,17.20100021,31292.02148,34139.26563,10/22/2022 21:00
210,10/24/2022 7:00,Rainy,Vụ 3-2022,A16,A16N12,Circle,Nuôi 1,"one period, exchange water",834,MPNT,24.0,36.0,8.0,80.0,28.91788483,7.881527901,21.60457802,22.01856232,77.4,5.7839818,212.0,35.0,162.0,4000.0,0.0,0.13,0.4,84.6257019,0.89,2.8,,,,9663.0,,,,123.651886,1.012071013,0,0,0.0,0.0,0.0,0.0,0.0,0,0,0,0,0.0,0.0,0,0,0,0.0,0.0,0,0.0,0,0.0,, A16D6=N12,0.54,0.162,3.6,0.36,129.4148407,27.46527672,17.19199944,33874.71094,36409.60938,10/24/2022 15:00
212,10/25/2022 7:00,Rainy,Vụ 3-2022,A16,A16N12,Circle,Nuôi 1,"one period, exchange water",834,MPNT,25.0,37.0,8.0,90.0,28.0,7.841171741,21.0,21.65945244,44.5,5.866639137,221.0,22.3,165.0,4000.0,0.0,0.41,0.41,85.31187439,0.98,3.12,,,,12055.0,,,,120.5500641,1.011854291,0,0,0.0,0.0,0.0,0.0,0.0,0,0,0,0,0.0,0.0,0,0,0,0.0,0.0,0,0.0,0,0.0,, A16D6=N12,0.48,0.144,3.2,0.32,130.5367432,28.03837776,17.19199944,33322.23438,35665.40234,10/25/2022 15:00
215,10/26/2022 7:00,Rainy,Vụ 3-2022,A16,A16N12,Circle,Nuôi 1,"one period, exchange water",834,MPNT,26.0,38.0,14.0,80.0,30.45028496,7.748951912,22.27456665,22.62744141,,5.33994627,,31.0,161.0,4000.0,0.1,0.59,0.56,80.42836761,0.73,2.89,,,,21069.0,,,,128.6348419,1.012073278,0,0,0.0,0.0,0.0,0.0,0.0,0,0,0,0,0.0,0.0,0,0,0,0.0,0.0,0,0.0,0,0.0,, A16D6=N12,0.54,0.162,3.6,0.36,122.5319672,26.0177269,17.20100021,34811.44531,38435.33203,10/26/2022 21:00
217,10/27/2022 7:00,Rainy,Vụ 3-2022,A16,A16N12,Circle,Nuôi 1,"one period, exchange water",834,MPNT,27.0,39.0,14.0,70.0,28.83095169,7.807826996,21.90938568,22.29964828,44.9,6.084290981,260.0,20.7,160.0,4000.0,0.1,2.0,0.03,89.04076385,2.4,4.3,,,,12014.0,,,,67.09185028,1.012326002,0,0,0.0,0.0,0.0,0.0,0.0,0,0,0,0,0.0,0.0,0,0,0,0.0,0.0,0,0.0,0,0.0,, A16D6=N12,0.96,0.288,6.4,0.64,136.1945801,27.16103935,17.19199944,34307.14844,36817.44141,10/27/2022 21:00
218,10/28/2022 7:00,Rainy,Vụ 3-2022,A16,A16N12,Circle,Nuôi 1,"one period, exchange water",834,MPNT,28.0,40.0,8.0,60.0,28.29830742,7.782305241,21.98919296,22.37631226,55.3,5.572715759,255.0,32.0,162.0,4000.0,0.13,2.2,0.04,80.8659668,3.1,4.1,,,,9428.0,,,,121.3058472,1.012553692,0,0,0.0,0.0,0.0,0.0,0.0,0,0,0,0,0.0,0.0,0,0,0,0.0,0.0,0,0.0,0,0.0,, A16D6=N12,0.96,0.288,6.4,0.64,123.843895,27.3270359,17.18300056,34425.09375,36593.79688,10/28/2022 15:00
220,10/29/2022 7:00,Rainy,Vụ 3-2022,A16,A16N12,Circle,Nuôi 1,"one period, exchange water",834,MPNT,29.0,41.0,8.0,70.0,28.83095169,7.6,21.90938568,22.29964828,44.9,6.084290981,260.0,,160.0,4000.0,0.11,2.6,0.04,,2.77,4.2,,,,,,,,,,0,0,0.0,0.0,0.0,0.0,0.0,0,0,0,0,0.0,0.0,0,0,0,0.0,0.0,0,0.0,0,0.0,, A16D6=N12,1.02,0.306,6.8,0.68,,,,,,10/29/2022 15:00
222,10/30/2022 7:00,Rainy,Vụ 3-2022,A16,A16N12,Circle,Nuôi 1,"one period, exchange water",834,MPNT,30.0,42.0,8.0,60.0,28.1393795,7.73196888,22.58162117,22.92134666,50.3,5.38244772,267.0,28.0,162.0,4000.0,0.12,2.4,0.03,78.15396118,3.0,4.8,,,,8563.0,,,,120.8385468,1.013045907,0,0,0.0,0.0,0.0,0.0,0.0,0,0,0,0,0.0,0.0,0,0,0,0.0,0.0,0,0.0,0,0.0,, A16D6=N12,1.02,0.306,6.8,0.68,119.7339783,26.75364113,17.18300056,35263.60938,37378.08984,10/30/2022 15:00
225,10/31/2022 7:00,Rainy,Vụ 3-2022,A16,A16N12,Circle,Nuôi 1,"one period, exchange water",834,MPNT,31.0,43.0,14.0,70.0,29.91580391,7.741433144,22.54943275,22.88152885,55.9,5.756223202,255.0,19.8,168.0,4500.0,0.75,3.8,0.06,86.07115936,3.1,6.2,,,,20511.0,,,,115.7649994,1.012453675,0,0,0.0,0.0,0.0,0.0,0.0,0,0,0,0,0.0,0.0,0,0,0,0.0,0.0,0,0.0,0,0.0,, A16D6=N12,0.0,0.0,0.0,0.0,131.3062439,25.96892166,17.19199944,35202.35156,38507.56641,10/31/2022 21:00
227,11/1/2022 7:00,Dry,Vụ 3-2022,A16,A16N12,Circle,Nuôi 1,"one period, exchange water",834,MPNT,32.0,44.0,14.0,80.0,29.78164664,7.594914796,23.1194613,32.40464994,70.4,6.214961385,285.0,22.1,172.0,4500.0,0.75,3.85,0.085,75.12599795,2.9,5.1,,,,20312.48677,,,,36.21165313,1.023199764,0,0,0.0,0.0,0.0,0.0,0.0,0,0,0,0,0.0,0.0,0,0,0,0.0,0.0,0,0.0,0,0.0,, A16D6=N12,1.08,0.324,7.2,0.72,102.4899744,36.55166791,17.21669213,40211.36521,,11/1/2022 21:00
228,11/2/2022 7:00,Dry,Vụ 3-2022,A16,A16N12,Circle,Nuôi 1,"one period, exchange water",834,MPNT,33.0,45.0,8.0,80.0,29.25819016,7.850351334,23.06588745,23.3817234,55.4,6.022355556,211.0,21.0,174.0,4500.0,0.84,6.1,0.15,84.92403412,4.2,6.7,,,,11534.0,,,,123.3276367,1.013983488,0,0,0.0,0.0,0.0,0.0,0.0,0,0,0,0,0.0,0.0,0,0,0,0.0,0.0,0,0.0,0,0.0,, A16D6=N12,1.14,0.342,7.6,0.76,130.6365356,27.14710808,17.19199944,35971.88281,,11/2/2022 15:00
229,11/2/2022 7:00,Dry,Vụ 3-2022,A16,A16N12,Circle,Nuôi 1,"one period, exchange water",834,MPNT,33.0,45.0,14.0,80.0,29.32219426,7.521977423,23.15632972,32.19649494,62.5,6.026164941,274.0,22.7,172.0,5000.0,0.77,5.8,0.17,81.32958842,5.8,7.4,,,,20533.0,,,,55.631148,1.023197994,0,0,0.0,0.0,0.0,0.0,0.0,0,0,0,0,0.0,0.0,0,0,0,0.0,0.0,0,0.0,0,0.0,, A16D6=N12,1.14,0.342,7.6,0.76,89.46163824,35.16499895,17.21497663,38963.169,,11/2/2022 21:00
230,11/3/2022 7:00,Dry,Vụ 3-2022,A16,A16N12,Circle,Nuôi 1,"one period, exchange water",834,MPNT,34.0,46.0,8.0,80.0,26.25978279,7.854903698,23.05338287,23.37025642,71.2,6.045657635,247.0,20.0,175.0,5000.0,0.74,7.1,0.11,85.24901581,4.4,6.0,,,,6286.0,503.0,411.0,,122.7387466,1.013973594,0,0,0.0,0.0,0.0,0.0,0.0,0,0,0,0,0.0,0.0,0,0,0,0.0,0.0,0,0.0,0,0.0,, A16D6=N12,1.32,0.396,8.8,0.88,131.1360016,27.15962029,17.21899986,35954.24219,36819.36719,11/3/2022 15:00
231,11/3/2022 7:00,Dry,Vụ 3-2022,A16,A16N12,Circle,Nuôi 1,"one period, exchange water",834,MPNT,34.0,46.0,14.0,80.0,26.86279488,7.877552986,23.54547119,23.81378365,66.5,6.132679462,281.0,18.0,177.0,5000.0,0.65,6.85,0.16,87.6157074,5.4,6.8,,,,7856.0,,,,118.3470764,1.014160752,0,0,0.0,0.0,0.0,0.0,0.0,0,0,0,0,0.0,0.0,0,0,0,0.0,0.0,0,0.0,0,0.0,, A16D6=N12,1.32,0.396,8.8,0.88,134.6068268,26.35734177,17.20100021,36636.58984,37940.09375,11/3/2022 21:00
232,11/4/2022 7:00,Dry,Vụ 3-2022,A16,A16N12,Circle,Nuôi 1,"one period, exchange water",834,MPNT,35.0,47.0,8.0,100.0,26.25318146,7.75015831,23.41113663,23.69753456,60.2,6.181614399,255.0,20.5,176.0,5000.0,0.9,6.6,0.13,87.33216858,4.2,6.2,,,471.8462364,10244.0,532.0,398.0,1269.0,126.6249695,1.014243722,0,0,0.0,0.0,0.0,0.0,0.0,0,0,0,0,0.0,0.0,0,0,0,0.0,0.0,0,0.0,0,0.0,, A16D6=N12,1.44,0.432,9.6,0.96,134.3423004,26.78782654,17.19199944,36457.74609,37330.39063,11/4/2022 15:00
233,11/4/2022 7:00,Dry,Vụ 3-2022,A16,A16N12,Circle,Nuôi 1,"one period, exchange water",834,MPNT,35.0,47.0,14.0,90.0,28.13610649,7.773810863,23.76981544,24.00689697,70.1,5.829984188,301.0,26.3,174.0,5000.0,1.2,6.4,0.084,85.20970917,5.4,5.4,,,471.8462364,25433.0,,,,115.4312134,1.01393497,0,0,0.0,0.0,0.0,0.0,0.0,0,0,0,0,0.0,0.0,0,0,0,0.0,0.0,0,0.0,0,0.0,, A16D6=N12,1.44,0.432,9.6,0.96,130.5445404,25.54539108,17.20100021,36933.6875,39146.00391,11/4/2022 21:00
234,11/5/2022 7:00,Dry,Vụ 3-2022,A16,A16N12,Circle,Nuôi 1,"one period, exchange water",834,MPNT,36.0,48.0,8.0,90.0,26.7615509,7.722142696,23.2767067,23.56933212,65.1,5.88929081,247.0,32.5,175.0,5000.0,1.1,7.2,0.11,83.86659241,6.4,6.4,,,,10599.0,601.0,446.0,1236.0,108.7984161,1.013990164,0,0,0.0,0.0,0.0,0.0,0.0,0,0,0,0,0.0,0.0,0,0,0,0.0,0.0,0,0.0,0,0.0,, A16D6=N12,1.32,0.396,8.8,0.88,128.8745728,26.68052864,17.20100021,36260.50781,37480.51563,11/5/2022 15:00
235,11/5/2022 7:00,Dry,Vụ 3-2022,A16,A16N12,Circle,Nuôi 1,"one period, exchange water",834,MPNT,36.0,48.0,14.0,80.0,28.11310959,8.300609589,23.82180977,28.54584885,66.9,6.22481966,289.0,32.1,175.0,5000.0,0.85,6.4,0.16,93.54267883,6.2,5.8,,,,25961.0,,,,138.7151794,1.017723322,0,0,0.0,0.0,0.0,0.0,0.0,0,0,0,0,0.0,0.0,0,0,0,0.0,0.0,0,0.0,0,0.0,, A16D6=N12,0.0,0.0,0.0,0.0,143.3184509,21.49243736,17.20100021,43916.69141,46527.99609,11/5/2022 21:00
236,11/6/2022 7:00,Dry,Vụ 3-2022,A16,A16N12,Circle,Nuôi 1,"one period, exchange water",834,MPNT,37.0,49.0,8.0,80.0,27.25584412,7.652452469,20.30997086,22.67895508,60.4,4.964367867,255.0,32.7,178.0,5000.0,1.4,6.8,0.15,70.90723419,6.7,5.4,,,,10855.0,511.0,353.0,1231.0,108.5933685,1.013116121,0,0,0.0,0.0,0.0,0.0,0.0,0,0,0,0,0.0,0.0,0,0,0,0.0,0.0,0,0.0,0,0.0,, A16D6=N12,1.32,0.396,8.8,0.88,108.8451843,27.47703934,17.19199944,34890.69922,36394.02344,11/6/2022 15:00
237,11/6/2022 7:00,Dry,Vụ 3-2022,A16,A16N12,Circle,Nuôi 1,"one period, exchange water",834,MPNT,37.0,49.0,14.0,80.0,29.30737114,7.69025135,20.40117264,21.82907486,70.1,4.929572582,291.0,35.1,175.0,5000.0,1.2,6.5,0.12,72.51222992,5.5,6.5,,,,25131.0,,,,115.4550629,1.011795044,0,0,0.0,0.0,0.0,0.0,0.0,0,0,0,0,0.0,0.0,0,0,0,0.0,0.0,0,0.0,0,0.0,, A16D6=N12,1.32,0.396,8.8,0.88,110.78685,27.5132637,17.20999908,33583.19141,36346.10547,11/6/2022 21:00
238,11/7/2022 7:00,Dry,Vụ 3-2022,A16,A16N12,Circle,Nuôi 1,"one period, exchange water",834,MPNT,38.0,50.0,8.0,90.0,27.35915565,7.689910889,24.2072258,24.41159821,62.0,5.403570175,262.0,30.1,175.0,5000.0,1.1,6.4,0.14,78.14176178,6.5,5.6,,,,9845.0,523.0,336.0,1168.0,105.1100769,1.014504194,0,0,0.0,0.0,0.0,0.0,0.0,0,0,0,0,0.0,0.0,0,0,0,0.0,0.0,0,0.0,0,0.0,, A16D6=N12,0.0,0.0,0.0,0.0,119.9234848,25.47862244,17.19199944,37556.30469,39248.58984,11/7/2022 15:00
239,11/7/2022 7:00,Dry,Vụ 3-2022,A16,A16N12,Circle,Nuôi 1,"one period, exchange water",834,MPNT,38.0,50.0,14.0,90.0,29.15231697,7.512163591,21.23291961,22.19464619,68.2,5.913265991,306.0,32.1,177.0,4500.0,1.4,5.9,0.11,80.12329195,5.8,4.9,,,,22136.0,,,,23.13494231,1.023197691,0,0,0.0,0.0,0.0,0.0,0.0,0,0,0,0,0.0,0.0,0,0,0,0.0,0.0,0,0.0,0,0.0,, A16D6=N12,0.0,0.0,0.0,0.0,110.4366561,25.63194646,17.23191647,38291.13795,,11/7/2022 21:00
240,11/8/2022 7:00,Dry,Vụ 3-2022,A16,A16N12,Circle,Nuôi 1,"one period, exchange water",834,MPNT,39.0,51.0,8.0,80.0,27.80565262,7.783284187,24.01755142,24.23508644,64.2,5.563333511,272.0,21.2,174.0,5000.0,1.5,5.7,0.11,80.97424316,6.2,5.7,,,,8296.0,556.0,345.0,1162.0,115.7697754,1.014223695,0,0,0.0,0.0,0.0,0.0,0.0,0,0,0,0,0.0,0.0,0,0,0,0.0,0.0,0,0.0,0,0.0,, A16D6=N12,0.9,0.27,6.0,0.6,124.1480408,25.45645905,17.19199944,37284.75,,11/8/2022 15:00
241,11/8/2022 7:00,Dry,Vụ 3-2022,A16,A16N12,Circle,Nuôi 1,"one period, exchange water",834,MPNT,39.0,51.0,14.0,80.0,29.58239746,7.76358366,24.24927902,24.4327507,66.9,5.190411091,311.0,22.1,170.0,5000.0,1.2,6.1,0.09,77.91243744,5.4,5.4,,,,13525.0,,,,114.2081299,1.013829827,0,0,0.0,0.0,0.0,0.0,0.0,0,0,0,0,0.0,0.0,0,0,0,0.0,0.0,0,0.0,0,0.0,, A16D6=N12,0.9,0.27,6.0,0.6,118.957756,24.46257782,17.19199944,37588.84766,,11/8/2022 21:00
242,11/9/2022 7:00,Dry,Vụ 3-2022,A16,A16N12,Circle,Nuôi 1,"one period, exchange water",834,MPNT,40.0,52.0,8.0,90.0,27.70238876,7.725327015,23.37690544,23.65221596,59.8,5.773688316,288.0,23.1,172.0,5000.0,0.88,7.5,0.15,83.59039307,6.1,5.8,,,,10211.0,600.0,431.0,1151.0,107.4298859,1.01377666,0,0,0.0,0.0,0.0,0.0,0.0,0,0,0,0,0.0,0.0,0,0,0,0.0,0.0,0,0.0,0,0.0,, A16D6=N12,0.0,0.0,0.0,0.0,128.1885681,26.13271523,17.20100021,36388.02344,38266.21094,11/9/2022 15:00
243,11/9/2022 7:00,Dry,Vụ 3-2022,A16,A16N12,Circle,Nuôi 1,"one period, exchange water",834,MPNT,40.0,52.0,14.0,80.0,29.9710331,8.591718674,25.30243874,28.06759071,63.5,6.429638386,304.0,20.1,170.0,5000.0,1.1,6.9,0.12,99.32331848,6.5,6.4,,,,25121.0,,,,137.8020325,1.016727328,0,0,0.0,0.0,0.0,0.0,0.0,0,0,0,0,0.0,0.0,0,0,0,0.0,0.0,0,0.0,0,0.0,, A16D6=N12,1.2,0.36,8.0,0.8,151.5022125,21.15023613,17.21899986,43180.91016,47280.79688,11/9/2022 21:00
244,11/10/2022 7:00,Dry,Vụ 3-2022,A16,A16N12,Circle,Nuôi 1,"one period, exchange water",834,MPNT,41.0,53.0,8.0,100.0,28.81093407,7.857011795,23.3120575,23.58477211,55.8,6.239472389,291.0,25.7,172.0,5000.0,0.84,7.4,0.09,91.99375916,6.7,6.4,,,,10548.0,584.0,369.0,1172.0,117.2408142,1.013379216,0,0,0.0,0.0,0.0,0.0,0.0,0,0,0,0,0.0,0.0,0,0,0,0.0,0.0,0,0.0,0,0.0,, A16D6=N12,1.32,0.385,8.69,0.88,140.7180481,25.69019508,17.20100021,36284.26563,38925.35547,11/10/2022 15:00
245,11/10/2022 7:00,Dry,Vụ 3-2022,A16,A16N12,Circle,Nuôi 1,"one period, exchange water",834,MPNT,41.0,53.0,14.0,100.0,30.51483345,7.887095451,24.89278793,25.01042747,63.5,5.836940289,307.0,22.9,174.0,4500.0,1.0,7.2,0.11,89.27905273,6.2,5.8,,,,26993.0,,,,107.8709641,1.014001846,0,0,0.0,0.0,0.0,0.0,0.0,0,0,0,0,0.0,0.0,0,0,0,0.0,0.0,0,0.0,0,0.0,, A16D6=N12,1.32,0.385,8.69,0.88,135.9933319,23.5125103,17.21899986,38477.57813,42530.55078,11/10/2022 21:00
246,11/11/2022 7:00,Dry,Vụ 3-2022,A16,A16N12,Circle,Nuôi 1,"one period, exchange water",834,MPNT,42.0,54.0,8.0,80.0,28.70550346,8.445781708,23.81220245,26.74919891,57.3,6.043691635,280.0,32.1,175.0,5000.0,0.87,7.8,0.12,90.69567871,6.8,6.2,,,,10231.0,574.0,310.0,1298.0,148.1160126,1.016028523,0,0,0.0,0.0,0.0,0.0,0.0,0,0,0,0,0.0,0.0,0,0,0,0.0,0.0,0,0.0,0,0.0,, A16D6=N12,1.8,0.525,11.85,1.2,138.7668152,22.69364738,17.20100021,41152.61328,44065.19531,11/11/2022 15:00
247,11/11/2022 7:00,Dry,Vụ 3-2022,A16,A16N12,Circle,Nuôi 1,"one period, exchange water",834,MPNT,42.0,54.0,14.0,80.0,28.68464279,8.444913864,23.81096458,26.74828148,62.3,6.057230949,304.0,28.5,175.0,5000.0,0.9,6.8,0.14,90.86691284,5.9,6.7,,,,20411.0,,,,148.8455811,1.016034245,0,0,0.0,0.0,0.0,0.0,0.0,0,0,0,0,0.0,0.0,0,0,0,0.0,0.0,0,0.0,0,0.0,, A16D6=N12,0.0,0.0,0.0,0.0,139.035614,22.70287704,17.18300056,41151.19922,44047.28125,11/11/2022 21:00
248,11/12/2022 7:00,Dry,Vụ 3-2022,A16,A16N12,Circle,Nuôi 1,"one period, exchange water",834,MPNT,43.0,55.0,8.0,100.0,27.87864876,7.890245438,24.94970512,25.08009911,55.4,6.136305332,267.0,21.0,177.0,5000.0,1.1,7.2,0.09,89.88994598,5.4,5.8,,,,10229.0,523.0,335.0,1160.0,8.841423035,1.014898181,0,0,0.0,0.0,0.0,0.0,0.0,0,0,0,0,0.0,0.0,0,0,0,0.0,0.0,0,0.0,0,0.0,, A16D6=N12,1.92,0.56,12.64,1.28,137.7948914,24.56625748,17.19199944,38584.76563,40706.24219,11/12/2022 15:00
249,11/12/2022 7:00,Dry,Vụ 3-2022,A16,A16N12,Circle,Nuôi 1,"one period, exchange water",834,MPNT,43.0,55.0,14.0,90.0,29.68365479,7.868854523,25.13687515,25.23549461,66.5,5.899937153,307.0,20.0,179.0,5000.0,0.88,7.4,0.085,89.14576721,6.1,6.5,,,,13952.0,,,,103.5985031,1.014458895,0,0,0.0,0.0,0.0,0.0,0.0,0,0,0,0,0.0,0.0,0,0,0,0.0,0.0,0,0.0,0,0.0,, A16D6=N12,1.92,0.56,12.64,1.28,136.0750732,23.64237595,17.19199944,38823.83984,42296.93359,11/12/2022 21:00
250,11/13/2022 7:00,Dry,Vụ 3-2022,A16,A16N12,Circle,Nuôi 1,"one period, exchange water",834,MPNT,44.0,56.0,8.0,90.0,28.12788773,7.905990601,25.14107323,25.25092888,57.2,6.172547817,256.0,21.0,178.0,5000.0,1.0,6.6,0.12,90.89580536,5.2,6.2,,,,7856.0,568.0,320.0,1230.0,102.3921051,1.014962792,0,0,0.0,0.0,0.0,0.0,0.0,0,0,0,0,0.0,0.0,0,0,0,0.0,0.0,0,0.0,0,0.0,, A16D6=N12,2.04,0.595,13.43,1.36,139.2584534,24.29045105,17.18300056,38847.58203,41168.44141,11/13/2022 15:00
251,11/13/2022 7:00,Dry,Vụ 3-2022,A16,A16N12,Circle,Nuôi 1,"one period, exchange water",834,MPNT,44.0,56.0,14.0,90.0,28.93657684,7.945905685,25.25831223,25.35024071,69.1,6.085117817,296.0,20.0,180.0,5000.0,1.2,6.8,0.1,90.88034058,5.6,6.5,,,,9363.0,,,,100.8304596,1.014792442,0,0,0.0,0.0,0.0,0.0,0.0,0,0,0,0,0.0,0.0,0,0,0,0.0,0.0,0,0.0,0,0.0,, A16D6=N12,2.04,0.595,13.43,1.36,138.9736481,23.84770584,17.20100021,39000.37109,41932.75391,11/13/2022 21:00
252,11/14/2022 7:00,Dry,Vụ 3-2022,A16,A16N12,Circle,Nuôi 1,"one period, exchange water",834,MPNT,45.0,57.0,8.0,90.0,28.04389763,7.845203876,25.28770256,25.38415146,55.9,5.919099808,249.0,21.0,178.0,5000.0,0.85,6.2,0.12,87.11251831,6.3,5.4,,,,9365.0,572.0,317.0,1178.0,78.97940063,1.015099049,0,0,0.0,0.0,0.0,0.0,0.0,0,0,0,0,0.0,0.0,0,0,0,0.0,0.0,0,0.0,0,0.0,, A16D6=N12,2.16,0.63,14.22,1.44,133.4876251,24.19960022,17.19199944,39052.53906,41322.99609,11/14/2022 15:00
253,11/14/2022 7:00,Dry,Vụ 3-2022,A16,A16N12,Circle,Nuôi 1,"one period, exchange water",834,MPNT,45.0,57.0,14.0,90.0,29.82384491,7.924411774,25.43997955,25.50806236,60.7,5.779835224,286.0,19.0,182.0,5000.0,1.12,7.4,0.16,87.67818451,5.9,6.7,,,,26993.0,,,,12.62035751,1.01463902,0,0,0.0,0.0,0.0,0.0,0.0,0,0,0,0,0.0,0.0,0,0,0,0.0,0.0,0,0.0,0,0.0,, A16D6=N12,2.16,0.63,14.22,1.44,133.7884979,23.33239937,17.19199944,39243.17188,42858.85938,11/14/2022 21:00
254,11/15/2022 7:00,Dry,Vụ 3-2022,A16,A16N12,Circle,Nuôi 1,"one period, exchange water",834,MPNT,46.0,58.0,8.0,100.0,28.29944992,7.812981129,25.95645332,25.98469353,55.8,5.981415749,302.0,20.0,177.0,5000.0,1.2,7.6,0.15,88.7355423,6.4,5.8,,,,10263.0,562.0,363.0,1258.0,89.14318848,1.015518427,0,0,0.0,0.0,0.0,0.0,0.0,0,0,0,0,0.0,0.0,0,0,0,0.0,0.0,0,0.0,0,0.0,, A16D6=N12,2.4,0.7,15.8,1.6,135.8955688,23.53176689,17.20100021,39976.44922,42495.74609,11/15/2022 15:00
255,11/15/2022 7:00,Dry,Vụ 3-2022,A16,A16N12,Circle,Nuôi 1,"one period, exchange water",834,MPNT,46.0,58.0,14.0,100.0,29.70606232,7.830448627,25.95007896,25.96797752,66.8,5.778315544,311.0,20.0,175.0,5000.0,1.6,6.9,0.18,87.73254395,6.1,6.2,,,,10366.0,,,,97.93606567,1.015058517,0,0,0.0,0.0,0.0,0.0,0.0,0,0,0,0,0.0,0.0,0,0,0,0.0,0.0,0,0.0,0,0.0,, A16D6=N12,2.4,0.7,15.8,1.6,133.9104919,22.96646881,17.19199944,39950.73438,43541.73828,11/15/2022 21:00
256,11/16/2022 7:00,Dry,Vụ 3-2022,A16,A16N12,Circle,Nuôi 1,"one period, exchange water",834,MPNT,47.0,59.0,,,,,,,,,288.0,18.8,173.0,5000.0,1.1,7.6,0.13,,6.8,5.4,,,,8619.0,569.0,329.0,1266.0,,,0,0,0.0,0.0,0.0,0.0,0.0,0,0,0,0,0.0,0.0,0,0,0,0.0,0.0,0,0.0,0,0.0,, A16D6=N12,2.64,0.77,17.38,1.76,,,,,,11/16/2022 7:00
257,11/16/2022 7:00,Dry,Vụ 3-2022,A16,A16N12,Circle,Nuôi 1,"one period, exchange water",834,MPNT,47.0,59.0,14.0,100.0,29.75013792,7.840137918,25.71431982,26.14329542,70.1,5.755515319,321.0,19.1,178.0,5000.0,1.7,7.1,0.17,87.72295649,7.1,5.9,,,,26993.0,,,,97.86194322,1.016513449,0,0,0.0,0.0,0.0,0.0,0.0,0,0,0,0,0.0,0.0,0,0,0,0.0,0.0,0,0.0,0,0.0,, A16D6=N12,2.64,0.77,17.38,1.76,134.8234959,23.4143893,17.20013464,39996.0465,,11/16/2022 21:00
258,11/17/2022 7:00,Dry,Vụ 3-2022,A16,A16N12,Circle,Nuôi 1,"one period, exchange water",834,MPNT,48.0,60.0,8.0,100.0,28.63686371,7.687898636,26.68709183,26.63773346,62.3,5.621609688,228.0,20.3,180.0,5000.0,1.8,7.0,0.2,84.20747375,7.8,6.2,,,,10013.0,555.0,338.0,1264.0,109.9094391,1.015957117,0,0,0.0,0.0,0.0,0.0,0.0,0,0,0,0,0.0,0.0,0,0,0,0.0,0.0,0,0.0,0,0.0,, A16D6=N12,1.38,0.391,8.97,0.92,128.8603821,22.81654358,17.18300056,40981.12891,43827.84766,11/17/2022 15:00
259,11/17/2022 7:00,Dry,Vụ 3-2022,A16,A16N12,Circle,Nuôi 1,"one period, exchange water",834,MPNT,48.0,60.0,14.0,100.0,29.48296547,7.779667473,26.75418854,26.69925117,72.1,5.377878952,297.0,22.1,182.0,5000.0,1.75,6.8,0.18,82.3707962,6.5,5.66,,,,18322.0,,,,111.7762604,1.016056657,0,0,0.0,0.0,0.0,0.0,0.0,0,0,0,0,0.0,0.0,0,0,0,0.0,0.0,0,0.0,0,0.0,, A16D6=N12,2.76,0.782,17.94,1.84,127.6256638,22.82671356,17.19199944,41075.76953,43808.32031,11/17/2022 21:00
260,11/18/2022 7:00,Dry,Vụ 3-2022,A16,A16N12,Circle,Nuôi 1,"one period, exchange water",834,MPNT,49.0,61.0,8.0,100.0,28.53231049,7.681575298,26.75281334,26.69756317,57.8,5.554341316,288.0,18.5,180.0,5000.0,1.88,7.6,0.11,83.08634186,6.6,6.3,,,,9031.0,603.0,344.0,1272.0,114.0674591,1.016039848,0,0,0.0,0.0,0.0,0.0,0.0,0,0,0,0,0.0,0.0,0,0,0,0.0,0.0,0,0.0,0,0.0,, A16D6=N12,2.88,0.816,18.72,1.92,127.1756668,22.80800247,17.19199944,41073.17578,43844.26172,11/18/2022 15:00
261,11/18/2022 7:00,Dry,Vụ 3-2022,A16,A16N12,Circle,Nuôi 1,"one period, exchange water",834,MPNT,49.0,61.0,14.0,80.0,29.30127144,8.567175865,26.57514381,27.42580414,62.3,6.272266865,301.0,20.1,179.0,5000.0,1.2,7.2,0.18,95.45584106,5.1,7.2,,,,25144.0,,,,111.0729218,1.016405225,0,0,0.0,0.0,0.0,0.0,0.0,0,0,0,0,0.0,0.0,0,0,0,0.0,0.0,0,0.0,0,0.0,, A16D6=N12,2.88,0.816,18.72,1.92,145.8430939,21.90104485,17.21899986,42193.54297,45659.92188,11/18/2022 21:00
262,11/19/2022 7:00,Dry,Vụ 3-2022,A16,A16N12,Circle,Nuôi 1,"one period, exchange water",834,MPNT,50.0,62.0,8.0,90.0,27.40639496,7.716532707,26.59998322,26.57196045,55.6,5.761631489,286.0,20.6,170.0,5000.0,1.3,7.3,0.13,84.51125336,5.6,6.7,,,,10112.0,606.0,432.0,1276.0,98.37475586,1.016281724,0,0,0.0,0.0,0.0,0.0,0.0,0,0,0,0,0.0,0.0,0,0,0,0.0,0.0,0,0.0,0,0.0,, A16D6=N12,1.5,0.425,9.75,1.0,129.6853027,23.3869648,17.18300056,40879.9375,42758.86328,11/19/2022 15:00
263,11/19/2022 7:00,Dry,Vụ 3-2022,A16,A16N12,Circle,Nuôi 1,"one period, exchange water",834,MPNT,50.0,62.0,14.0,90.0,28.08415604,7.718375683,24.69746208,24.84988403,68.3,5.694204807,296.0,20.3,168.0,5000.0,1.5,6.9,0.16,83.58375549,5.8,7.1,,,,20110.0,,,,103.7344055,1.01464498,0,0,0.0,0.0,0.0,0.0,0.0,0,0,0,0,0.0,0.0,0,0,0,0.0,0.0,0,0.0,0,0.0,, A16D6=N12,3.0,0.85,19.5,2.0,128.0686188,24.70193863,17.20100021,38230.58984,40482.65234,11/19/2022 21:00
264,11/20/2022 7:00,Dry,Vụ 3-2022,A16,A16N12,Circle,Nuôi 1,"one period, exchange water",834,MPNT,51.0,63.0,8.0,90.0,26.1319492,7.859164632,22.19737319,36.26491997,55.6,5.986169491,278.0,22.3,163.0,5000.0,1.63,8.6,0.13,68.56198642,6.3,6.8,,,,10211.0,589.0,449.0,1236.0,32.13797647,1.023197648,0,0,0.0,0.0,0.0,0.0,0.0,0,0,0,0,0.0,0.0,0,0,0,0.0,0.0,0,0.0,0,0.0,, A16D6=N12,3.12,0.884,20.28,2.08,80.26197962,30.26499461,17.21943185,38651.04395,,11/20/2022 15:00
267,11/21/2022 7:00,Dry,Vụ 3-2022,A16,A16N12,Circle,Nuôi 1,"one period, exchange water",834,MPNT,52.0,64.0,14.0,100.0,26.87583351,7.691568375,26.38753014,26.56700325,58.2,5.552498341,311.0,32.1,166.0,5500.0,1.61,8.74,0.15,80.71258545,6.3,6.6,,,,18211.0,,,,116.4564209,1.016436934,0,0,0.0,0.0,0.0,0.0,0.0,0,0,0,0,0.0,0.0,0,0,0,0.0,0.0,0,0.0,0,0.0,, A16D6=N12,3.24,0.918,21.06,2.16,123.9979095,23.62016678,17.20100021,40872.3125,42336.70313,11/21/2022 21:00
269,11/22/2022 7:00,Dry,Vụ 3-2022,A16,A16N12,Circle,Nuôi 1,"one period, exchange water",834,MPNT,53.0,65.0,14.0,100.0,26.76477242,7.713562012,26.50879478,26.49687195,57.83,6.288493013,300.0,23.4,166.0,5000.0,1.64,8.72,0.15,85.34513855,6.35,6.7,,,,10423.0,,,,110.2360764,1.016410708,0,0,0.0,0.0,0.0,0.0,0.0,0,0,0,0,0.0,0.0,0,0,0,0.0,0.0,0,0.0,0,0.0,, A16D6=N12,0.84,0.238,5.46,0.56,131.1451416,23.73047829,17.18300056,40767.64453,42144.44141,11/22/2022 21:00
270,11/23/2022 7:00,Dry,Vụ 3-2022,A16,A16N12,Circle,Nuôi 1,"one period, exchange water",834,MPNT,54.0,66.0,8.0,100.0,26.39459038,7.795481682,25.71875572,25.79104805,57.72,5.933786869,290.0,20.0,170.0,5500.0,1.65,8.8,0.2,85.26074219,6.42,6.3,,,,9531.0,562.0,448.0,1217.0,114.3774109,1.015932083,0,0,0.0,0.0,0.0,0.0,0.0,0,0,0,0,0.0,0.0,0,0,0,0.0,0.0,0,0.0,0,0.0,, A16D6=N12,3.36,0.952,21.84,2.24,130.9247437,24.54864693,17.20100021,39678.53516,40735.44141,11/23/2022 15:00
271,11/23/2022 7:00,Dry,Vụ 3-2022,A16,A16N12,Circle,Nuôi 1,"one period, exchange water",834,MPNT,54.0,66.0,14.0,90.0,27.42165565,7.757231712,25.77999306,25.83438492,61.11,5.535274506,299.0,18.0,168.0,5500.0,1.62,8.82,0.19,81.20705414,6.41,6.5,,,,18265.0,,,,102.7211227,1.015662551,0,0,0.0,0.0,0.0,0.0,0.0,0,0,0,0,0.0,0.0,0,0,0,0.0,0.0,0,0.0,0,0.0,, A16D6=N12,3.36,0.952,21.84,2.24,124.0471268,24.04795837,17.18300056,39745.20703,41583.57031,11/23/2022 21:00
274,11/25/2022 7:00,Dry,Vụ 3-2022,A16,A16N12,Circle,Nuôi 1,"one period, exchange water",834,MPNT,56.0,68.0,8.0,100.0,26.55224991,7.777597904,24.92499161,25.07147598,57.6,5.611600399,312.0,17.2,172.0,5500.0,1.67,8.82,0.201,80.36907196,6.21,6.68,,,,7167.0,526.0,451.0,1194.0,103.9823608,1.015288949,0,0,0.0,0.0,0.0,0.0,0.0,0,0,0,0,0.0,0.0,0,0,0,0.0,0.0,0,0.0,0,0.0,, A16D6=N12,3.0,0.85,19.5,2.0,123.5544052,25.17936134,17.17399979,38571.5,39715.06641,11/25/2022 15:00
275,11/25/2022 7:00,Dry,Vụ 3-2022,A16,A16N12,Circle,Nuôi 1,"one period, exchange water",834,MPNT,56.0,68.0,14.0,90.0,26.38580132,7.749351025,24.58357239,24.76379204,59.23,5.604773998,332.0,16.0,172.0,5500.0,1.69,8.88,0.202,79.88964081,6.27,6.69,,,,8318.0,,,,109.1822662,1.015083075,0,0,0.0,0.0,0.0,0.0,0.0,0,0,0,0,0.0,0.0,0,0,0,0.0,0.0,0,0.0,0,0.0,, A16D6=N12,3.0,0.85,19.5,2.0,122.8598709,25.57116318,17.15600014,38098.14063,39106.55078,11/25/2022 21:00
277,11/26/2022 7:00,Dry,Vụ 3-2022,A16,A16N12,Circle,Nuôi 1,"one period, exchange water",834,MPNT,57.0,69.0,14.0,100.0,27.40252113,7.561680794,24.84213257,24.98724747,59.15,5.534181595,331.0,16.0,164.0,5500.0,1.73,8.67,0.198,75.85132599,6.22,7.06,,,,15647.0,,,,88.39655304,1.01496613,0,0,0.0,0.0,0.0,0.0,0.0,0,0,0,0,0.0,0.0,0,0,0,0.0,0.0,0,0.0,0,0.0,, A16D6=N12,3.0,0.85,19.5,2.0,101.0518799,24.87194061,17.22800064,38441.91797,40205.94922,11/26/2022 21:00
279,11/27/2022 7:00,Dry,Vụ 3-2022,A16,A16N12,Circle,Nuôi 1,"one period, exchange water",834,MPNT,58.0,70.0,14.0,90.0,27.55895233,7.610077877,24.84784317,24.99088669,59.23,5.390180111,332.0,16.0,165.0,5000.0,1.72,8.56,0.196,73.93020248,6.43,7.11,,,,11283.0,,,,86.27224731,1.014921784,0,0,0.0,0.0,0.0,0.0,0.0,0,0,0,0,0.0,0.0,0,0,0,0.0,0.0,0,0.0,0,0.0,, A16D6=N12,2.4,0.68,15.6,1.6,98.07015228,24.79747963,17.22800064,38447.51563,40326.67969,11/27/2022 21:00
281,11/28/2022 7:00,Dry,Vụ 3-2022,A16,A16N12,Circle,Nuôi 1,"one period, exchange water",834,MPNT,59.0,71.0,14.0,90.0,28.10755157,7.526484489,24.35041237,24.53496552,55.4,5.478987694,322.0,20.9,162.0,5500.0,2.0,8.43,0.52,80.30053711,6.05,6.86,,,,24361.0,,,,67.36564636,1.014378071,0,0,0.0,0.0,0.0,0.0,0.0,0,0,0,0,0.0,0.0,0,0,0,0.0,0.0,0,0.0,0,0.0,, A16D6=N12,2.0,0.64,15.6,1.6,123.0315018,25.00844574,17.22800064,37746.10156,39986.49219,11/28/2022 21:00
282,11/29/2022 7:00,Dry,Vụ 3-2022,A16,A16N12,Circle,Nuôi 1,"one period, exchange water",834,MPNT,60.0,72.0,8.0,100.0,28.13503456,7.694951057,24.34955597,24.53396416,66.5,5.593377113,295.0,20.4,156.0,5000.0,1.8,7.88,0.12,82.01438141,6.4,7.6,,,,10211.0,587.0,482.0,1185.0,47.28127289,1.014368653,0,0,0.0,0.0,0.0,0.0,0.0,0,0,0,0,0.0,0.0,0,0,0,0.0,0.0,0,0.0,0,0.0,, A16D6=N12,2.2,0.66,15.6,1.6,125.6494904,24.99707985,17.22800064,37744.55859,40004.67188,11/29/2022 15:00
285,11/30/2022 7:00,Dry,Vụ 3-2022,A16,A16N12,Circle,Nuôi 1,"one period, exchange water",834,MPNT,61.0,,14.0,90.0,29.231884,7.3149358,25.23753738,25.32935333,66.8,4.729705811,322.0,17.5,153.0,5000.0,2.1,7.96,0.98,70.97451782,5.8,6.8,,,,13844.0,,,,90.58285522,1.014681578,0,0,0.0,0.0,0.0,0.0,0.0,0,0,0,0,0.0,0.0,0,0,0,0.0,0.0,0,0.0,0,0.0,, A16D6=N12,2.42,0.726,17.16,1.76,108.457222,23.74281693,17.21899986,38968.23438,42118.0,11/30/2022 21:00
286,12/1/2022 7:00,Dry,Vụ 3-2022,A16,A16N12,Circle,Nuôi 1,"one period, exchange water",834,MPNT,62.0,,8.0,100.0,29.15208435,7.265175343,25.27614784,25.36476517,65.8,4.690843105,288.0,16.0,145.0,5000.0,1.1,7.82,0.88,70.31387329,6.4,6.5,,,,4531.0,574.0,448.0,1105.0,92.45920563,1.014736176,0,0,0.0,0.0,0.0,0.0,0.0,0,0,0,0,0.0,0.0,0,0,0,0.0,0.0,0,0.0,0,0.0,, A16D6=N12,2.42,0.726,17.16,1.76,107.4682999,23.74315453,17.22800064,39022.71484,42117.40234,12/1/2022 15:00
287,12/1/2022 7:00,Dry,Vụ 3-2022,A16,A16N12,Circle,Nuôi 1,"one period, exchange water",834,MPNT,62.0,,14.0,90.0,29.23470497,7.255394936,25.26303864,25.35234833,70.6,4.64298296,302.0,15.3,150.0,5000.0,1.3,7.74,0.75,69.68624115,5.7,6.7,,,,9314.0,,,,93.61315155,1.014699578,0,0,0.0,0.0,0.0,0.0,0.0,0,0,0,0,0.0,0.0,0,0,0,0.0,0.0,0,0.0,0,0.0,, A16D6=N12,2.42,0.726,17.16,1.76,106.4878693,23.7200985,17.23699951,39003.61328,42158.33984,12/1/2022 21:00
289,12/2/2022 7:00,Dry,Vụ 3-2022,A16,A16N12,Circle,Nuôi 1,"one period, exchange water",834,MPNT,63.0,,14.0,90.0,28.36493301,7.266121387,25.30748749,25.39920235,60.8,4.580891609,315.0,18.5,159.0,5000.0,1.1,7.8,0.68,67.78738403,6.3,5.9,,,,4381.0,,,,86.13634491,1.015012264,0,0,0.0,0.0,0.0,0.0,0.0,0,0,0,0,0.0,0.0,0,0,0,0.0,0.0,0,0.0,0,0.0,, A16D6=N12,2.25,0.72,17.55,1.8,103.7985306,24.04591751,17.21899986,39075.69531,41587.10156,12/2/2022 21:00
292,12/4/2022 7:00,Dry,Vụ 3-2022,A16,A16N12,Circle,Nuôi 1,"one period, exchange water",834,MPNT,65.0,,8.0,100.0,27.95533562,7.383884907,24.59007072,24.75367737,55.9,5.357340336,285.0,13.0,155.0,5000.0,1.2,6.84,1.1,78.4225235,6.4,6.8,,,,7539.0,650.0,455.0,1088.0,88.07945251,1.014605045,0,0,0.0,0.0,0.0,0.0,0.0,0,0,0,0,0.0,0.0,0,0,0,0.0,0.0,0,0.0,0,0.0,, A16D6=N12,1.5,0.48,11.7,1.2,120.1954651,24.85569954,17.21899986,38082.57813,40232.22266,12/4/2022 15:00
295,12/5/2022 7:00,Dry,Vụ 3-2022,A16,A16N12,Circle,Nuôi 1,"one period, exchange water",834,MPNT,66.0,,14.0,90.0,29.38804245,7.734858513,23.83436852,25.6037178,69.2,4.996079445,300.0,13.0,160.0,5000.0,1.9,7.22,1.1,74.05317688,6.35,6.7,,,,14123.0,,,,147.6006622,1.015174508,0,0,0.0,0.0,0.0,0.0,0.0,0,0,0,0,0.0,0.0,0,0,0,0.0,0.0,0,0.0,0,0.0,, A16D6=N12,1.5,0.48,11.7,1.2,113.38694,23.8439579,17.22800064,39390.33594,41939.34766,12/5/2022 21:00
